"state_name","state_abbr","year","hourly_compensation","labor_productivity","unit_labor_cost","hourly_compensation_index_2007","labor_productivity_index_2007","unit_labor_cost_index_2007","gap_index_2007"
"alabama","AL",2007,24.257,87.013,NA,100,100,NA,0
"alaska","AK",2007,31.293,90.946,NA,100,100,NA,0
"arizona","AZ",2007,28.521,93.263,NA,100,100,NA,0
"arkansas","AR",2007,24.246,90.919,NA,100,100,NA,0
"california","CA",2007,35.995,81.447,NA,100,100,NA,0
"colorado","CO",2007,31.643,83.179,NA,100,100,NA,0
"connecticut","CT",2007,41.377,98.007,NA,100,100,NA,0
"delaware","DE",2007,33.786,96.955,NA,100,100,NA,0
"district of columbia","DC",2007,43.952,93.839,NA,100,100,NA,0
"florida","FL",2007,27.62,90.311,NA,100,100,NA,0
"georgia","GA",2007,29.239,85.639,NA,100,100,NA,0
"hawaii","HI",2007,28.895,90.069,NA,100,100,NA,0
"idaho","ID",2007,24.821,85.209,NA,100,100,NA,0
"illinois","IL",2007,34.853,90.907,NA,100,100,NA,0
"indiana","IN",2007,27.262,91.437,NA,100,100,NA,0
"iowa","IA",2007,25.59,90.941,NA,100,100,NA,0
"kansas","KS",2007,27.242,81.841,NA,100,100,NA,0
"kentucky","KY",2007,24.271,87.002,NA,100,100,NA,0
"louisiana","LA",2007,26.676,100.537,NA,100,100,NA,0
"maine","ME",2007,25.66,93.371,NA,100,100,NA,0
"maryland","MD",2007,32.316,82.6,NA,100,100,NA,0
"massachusetts","MA",2007,39.479,87.074,NA,100,100,NA,0
"michigan","MI",2007,30.694,93.169,NA,100,100,NA,0
"minnesota","MN",2007,32.077,88.291,NA,100,100,NA,0
"mississippi","MS",2007,22.774,91.099,NA,100,100,NA,0
"missouri","MO",2007,28.301,88.01,NA,100,100,NA,0
"montana","MT",2007,21.984,82.939,NA,100,100,NA,0
"nebraska","NE",2007,26.398,83.586,NA,100,100,NA,0
"nevada","NV",2007,27.226,91.734,NA,100,100,NA,0
"new hampshire","NH",2007,31.797,87.534,NA,100,100,NA,0
"new jersey","NJ",2007,37.528,92.665,NA,100,100,NA,0
"new mexico","NM",2007,24.892,87.685,NA,100,100,NA,0
"new york","NY",2007,42.703,87.833,NA,100,100,NA,0
"north carolina","NC",2007,NA,90.107,NA,NA,100,NA,NA
"north dakota","ND",2007,24.14,66.016,NA,100,100,NA,0
"ohio","OH",2007,29.547,89.538,NA,100,100,NA,0
"oklahoma","OK",2007,24.731,80.799,NA,100,100,NA,0
"oregon","OR",2007,29.197,81.693,NA,100,100,NA,0
"pennsylvania","PA",2007,31.323,84.779,NA,100,100,NA,0
"rhode island","RI",2007,NA,89.728,NA,NA,100,NA,NA
"south carolina","SC",2007,24.598,87.358,NA,100,100,NA,0
"south dakota","SD",2007,23.025,84.82,NA,100,100,NA,0
"tennessee","TN",2007,27.001,86.137,NA,100,100,NA,0
"texas","TX",2007,29.655,85.981,NA,100,100,NA,0
"utah","UT",2007,26.594,85.735,NA,100,100,NA,0
"vermont","VT",2007,26.476,82.87,NA,100,100,NA,0
"virginia","VA",2007,31.239,86.751,NA,100,100,NA,0
"washington","WA",2007,32.252,79.562,NA,100,100,NA,0
"west virginia","WV",2007,24.018,84.309,NA,100,100,NA,0
"wisconsin","WI",2007,29.141,93.747,NA,100,100,NA,0
"wyoming","WY",2007,26.562,99.429,NA,100,100,NA,0
"alabama","AL",2008,25.426,90.25,1.1,104.819227439502,103.720133773114,100,-1.09909366638763
"alaska","AK",2008,32.652,90.974,4.3,104.342824273799,100.030787500275,100,-4.31203677352437
"arizona","AZ",2008,29.843,94.274,3.5,104.635181094632,101.08403118064,100,-3.55114991399233
"arkansas","AR",2008,24.795,90.312,3,102.264291017075,99.3323727713679,100,-2.93191824570708
"california","CA",2008,36.963,84.595,-1.1,102.689262397555,103.865090181345,100,1.17582778378969
"colorado","CO",2008,32.583,83.574,2.5,102.970641216067,100.474879476791,100,-2.49576173927572
"connecticut","CT",2008,42.126,98.699,1.1,101.810184401962,100.706072015264,100,-1.10411238669823
"delaware","DE",2008,34.737,95.401,4.5,102.814775350737,98.3971945748027,100,-4.41758077593425
"district of columbia","DC",2008,45.943,98.097,0,104.529941754641,104.537559010646,NA,0.00761725600446539
"florida","FL",2008,28.527,90.83,2.7,103.283852280956,100.574680825149,100,-2.70917145580718
"georgia","GA",2008,29.956,85.348,2.8,102.452204247751,99.6602015436892,100,-2.79200270406207
"hawaii","HI",2008,30.008,89.594,4.4,103.851877487455,99.4726265418734,100,-4.37925094558113
"idaho","ID",2008,25.359,92.494,-5.9,102.167519439185,108.549566360361,100,6.38204692117644
"illinois","IL",2008,35.79,90.757,2.9,102.688434281124,99.8349962049127,100,-2.85343807621086
"indiana","IN",2008,28.296,93.982,1,103.792825177903,102.783337161105,100,-1.00948801679785
"iowa","IA",2008,26.774,89.99,5.7,104.62680734662,98.9542670522646,100,-5.67254029435513
"kansas","KS",2008,28.205,82.634,2.5,103.534982747229,100.968951992278,100,-2.56603075495083
"kentucky","KY",2008,25.197,88.682,1.8,103.815252770796,101.930990092182,100,-1.88426267861462
"louisiana","LA",2008,27.532,100.744,3,103.208876893087,100.205894347355,100,-3.00298254573272
"maine","ME",2008,26.373,93.243,2.9,102.778643803585,99.8629124674685,100,-2.91573133611685
"maryland","MD",2008,33.304,84.527,0.7,103.057309072905,102.332929782082,100,-0.724379290822739
"massachusetts","MA",2008,40.573,88.088,1.6,102.771093492743,101.164526724395,100,-1.60656676834765
"michigan","MI",2008,31.75,91.175,5.7,103.440411806868,97.8598031534094,100,-5.5806086534584
"minnesota","MN",2008,33.667,90.302,2.6,104.956822645509,102.277695348337,100,-2.67912729717247
"mississippi","MS",2008,23.78,94.851,0.3,104.417317994204,104.118596252429,100,-0.298721741775239
"missouri","MO",2008,29.661,92.873,-0.7,104.805483905162,105.525508464947,100,0.72002455978479
"montana","MT",2008,25.063,90.321,4.7,114.005640465793,108.900517247616,100,-5.10512321817758
"nebraska","NE",2008,26.896,80.981,5.2,101.886506553527,96.8834493814754,100,-5.00305717205141
"nevada","NV",2008,28.067,89.851,5.2,103.088959083229,97.9473259642008,100,-5.14163311902844
"new hampshire","NH",2008,33.218,89.295,2.4,104.46897506054,102.011789704572,100,-2.45718535596838
"new jersey","NJ",2008,39.006,95.917,0.4,103.938392666809,103.509415636972,100,-0.428977029836886
"new mexico","NM",2008,25.426,85.992,4.2,102.145267555841,98.0692250670012,100,-4.07604248884003
"new york","NY",2008,43.415,85.127,4.9,101.667330164157,96.9191533933715,100,-4.74817677078558
"north carolina","NC",2008,4,95.912,-2.3,100,106.442340772637,100,6.442340772637
"north dakota","ND",2008,25.999,69.73,2,107.700911350456,105.625908870577,100,-2.07500247987883
"ohio","OH",2008,30.233,89.753,2.1,102.321724709784,100.240121512654,100,-2.08160319713056
"oklahoma","OK",2008,25.447,82.181,1.2,102.895151833731,101.710417208134,100,-1.18473462559716
"oregon","OR",2008,30.416,86.665,-1.8,104.175086481488,106.086200776076,100,1.91111429458844
"pennsylvania","PA",2008,32.056,87.138,-0.4,102.340133448265,102.782528692247,100,0.442395243982062
"rhode island","RI",2008,1.8,87.703,4.2,100,97.7431793865906,100,-2.2568206134094
"south carolina","SC",2008,25.692,86.779,5.1,104.447516058216,99.3372101009638,100,-5.11030595725227
"south dakota","SD",2008,24.009,86.955,1.7,104.273615635179,102.517095024758,100,-1.75652061042085
"tennessee","TN",2008,27.904,87.823,1.4,103.344320580719,101.957347016961,100,-1.38697356375788
"texas","TX",2008,30.586,84.572,4.9,103.139436857191,98.3612658610623,100,-4.77817099612869
"utah","UT",2008,27.774,86.344,3.7,104.437091073174,100.710328337318,100,-3.72676273585593
"vermont","VT",2008,27.35,85.343,0.3,103.301102885632,102.984192108121,100,-0.316910777511126
"virginia","VA",2008,32.254,89.21,0.4,103.249143698582,102.834549457643,100,-0.414594240938769
"washington","WA",2008,33.65,81.488,1.9,104.334614907603,102.420753626103,100,-1.91386128149969
"west virginia","WV",2008,25.347,86.387,3,105.533349987509,102.464742791398,100,-3.06860719611105
"wisconsin","WI",2008,29.881,91.863,4.6,102.539377509351,97.9903356907421,100,-4.549041818609
"wyoming","WY",2008,27.446,99.787,3,103.328062645885,100.360055919299,100,-2.9680067265859
"alabama","AL",2009,27.063,95.26,0.8,111.567794863338,109.477894107777,72.7272727272727,-2.08990075556142
"alaska","AK",2009,33.879,104.546,-9.7,108.263828971335,114.953928704946,-225.581395348837,6.69009973361037
"arizona","AZ",2009,30.024,92.071,3,105.269801199116,98.7218939986919,85.7142857142857,-6.54790720042458
"arkansas","AR",2009,25.864,92.911,1.4,106.67326569331,102.190961185231,46.6666666666667,-4.48230450807944
"california","CA",2009,37.363,87.674,-2.5,103.80052785109,107.645462693531,227.272727272727,3.84493484244034
"colorado","CO",2009,33.721,88.576,-2.4,106.567013241475,106.488416547446,-96,-0.0785966940293434
"connecticut","CT",2009,43.04,100.477,0.4,104.01914106871,102.520228146969,36.3636363636364,-1.49891292174057
"delaware","DE",2009,35.71,110.443,-11.2,105.694666429882,113.91160847816,-248.888888888889,8.21694204827779
"district of columbia","DC",2009,45.45,95.348,1.8,103.408263560248,101.608073402317,NA,-1.8001901579308
"florida","FL",2009,28.803,91.237,0.5,104.283128167994,101.025345749687,18.5185185185185,-3.25778241830703
"georgia","GA",2009,31.198,88.106,0.9,106.699955538835,102.880696878759,32.1428571428571,-3.8192586600766
"hawaii","HI",2009,30.44,92.126,-1.4,105.34694583838,102.283804638666,-31.8181818181818,-3.06314119971444
"idaho","ID",2009,25.781,97.589,-3.6,103.867692679586,114.528981680339,61.0169491525424,10.6612890007531
"illinois","IL",2009,35.744,93.708,-3.3,102.556451381517,103.08117086693,-113.793103448276,0.524719485413286
"indiana","IN",2009,28.245,93.291,0.6,103.605751595628,102.027625578267,60,-1.5781260173606
"iowa","IA",2009,27.377,91.107,1,106.983196561157,100.182535929889,17.5438596491228,-6.80066063126807
"kansas","KS",2009,28.374,83.197,-0.1,104.155348359151,101.656871250351,-4,-2.4984771088
"kentucky","KY",2009,26.343,91.413,1.4,108.536937085411,105.069998390842,77.7777777777778,-3.46693869456898
"louisiana","LA",2009,28.014,105.041,-2.4,105.015744489429,104.47994270766,-80,-0.535801781768839
"maine","ME",2009,27.258,96.631,-0.3,106.227591582229,103.491448094162,-10.3448275862069,-2.73614348806714
"maryland","MD",2009,34.357,87.445,-0.3,106.315756900607,105.865617433414,-42.8571428571429,-0.450139467192457
"massachusetts","MA",2009,40.551,91.4,-3.7,102.715367663821,104.968187978042,-231.25,2.2528203142204
"michigan","MI",2009,32.24,91.579,1.1,105.036815012706,98.2934237782953,19.2982456140351,-6.74339123441072
"minnesota","MN",2009,33.973,93.456,-2.5,105.910777192381,105.849973383471,-96.1538461538461,-0.0608038089102791
"mississippi","MS",2009,24.289,95.209,1.8,106.652322824273,104.511575319158,600,-2.14074750511503
"missouri","MO",2009,30.009,96.891,-3,106.035122433836,110.090898761504,428.571428571429,4.05577632766811
"montana","MT",2009,26.36,95.788,-0.8,119.90538573508,115.49210865817,-17.0212765957447,-4.41327707690957
"nebraska","NE",2009,27.408,84.725,-2.6,103.826047427835,101.362668389443,-50,-2.46337903839223
"nevada","NV",2009,28.932,94.052,-1.5,106.26606919856,102.526871170994,-28.8461538461538,-3.73919802756579
"new hampshire","NH",2009,33.708,92.908,-2.5,106.010000943485,106.139328717984,-104.166666666667,0.129327774498634
"new jersey","NJ",2009,39.229,96.051,0.4,104.532615646984,103.654022554362,100,-0.878593092621117
"new mexico","NM",2009,26.14,94.787,-6.7,105.01365900691,108.099446883732,-159.52380952381,3.08578787682168
"new york","NY",2009,42.023,93.114,-11.5,98.407606022996,106.012546537179,-234.69387755102,7.60494051418247
"north carolina","NC",2009,3,99.16,-0.4,75,110.046944188576,17.3913043478261,35.0469441885758
"north dakota","ND",2009,27.344,74.275,-1.3,113.272576636288,112.510603490063,-65,-0.761973146225301
"ohio","OH",2009,31.013,91.978,0.1,104.9615866247,102.72509995756,4.76190476190476,-2.23648666713972
"oklahoma","OK",2009,25.985,85.068,-1.3,105.070559217177,105.283481231203,-108.333333333333,0.212922014026546
"oregon","OR",2009,31.161,90.764,-2.2,106.726718498476,111.103766540585,122.222222222222,4.377048042109
"pennsylvania","PA",2009,33.183,89.195,1.1,105.93812853175,105.208837094092,-275,-0.729291437658119
"rhode island","RI",2009,1.3,93.292,-4.8,72.2222222222222,103.972004279601,-114.285714285714,31.7497820573784
"south carolina","SC",2009,26.784,90.532,-0.1,108.886901374095,103.633324938758,-1.96078431372549,-5.25357643533771
"south dakota","SD",2009,24.053,89.203,-2.3,104.464712269273,105.167413345909,-135.294117647059,0.702701076636458
"tennessee","TN",2009,27.954,90.458,-2.7,103.529498907448,105.01642731927,-192.857142857143,1.48692841182259
"texas","TX",2009,31.402,89.683,-3.2,105.891080762097,104.30560240053,-65.3061224489796,-1.58547836156708
"utah","UT",2009,27.372,87.179,-2.4,102.925471910957,101.684259637254,-64.8648648648649,-1.24121227370301
"vermont","VT",2009,27.553,88.41,-2.8,104.067835020396,106.685169542657,-933.333333333333,2.61733452226133
"virginia","VA",2009,33.854,94.749,-1.2,108.370946573194,109.219490265242,-300,0.848543692048139
"washington","WA",2009,34.354,83.245,-0.1,106.517425275952,104.629094291245,-5.26315789473684,-1.88833098470731
"west virginia","WV",2009,26.441,91.43,-1.4,110.088267132984,108.446310595547,-46.6666666666667,-1.64195653743624
"wisconsin","WI",2009,30.828,95.199,-0.4,105.789094403075,101.548849563186,-8.69565217391304,-4.2402448398887
"wyoming","WY",2009,27.337,104.803,-5.2,102.917701980273,105.404861760653,-173.333333333333,2.48715978038076
"alabama","AL",2010,27.539,98.739,-1.8,113.530115018345,113.476147242366,-163.636363636364,-0.0539677759791459
"alaska","AK",2010,34.066,98.782,6.4,108.861406704375,108.616101862644,148.837209302326,-0.245304841731027
"arizona","AZ",2010,29.973,94.102,-2.3,105.090985589566,100.899606489176,-65.7142857142857,-4.1913791003898
"arkansas","AR",2010,26.257,97.166,-2.9,108.294151612637,106.870951066334,-96.6666666666667,-1.42320054630338
"california","CA",2010,38.385,90.411,-0.4,106.639811084873,111.005930236841,36.3636363636364,4.36611915196823
"colorado","CO",2010,34.293,90.581,-0.6,108.374680024018,108.898880727107,-24,0.524200703088653
"connecticut","CT",2010,43.995,101.491,1.2,106.327186601252,103.554848123093,109.090909090909,-2.77233847815866
"delaware","DE",2010,36.928,112.083,1.9,109.299709939028,115.603114847094,42.2222222222222,6.30340490806604
"district of columbia","DC",2010,47.812,100.138,0.2,108.782307972333,106.712560875542,NA,-2.0697470967913
"florida","FL",2010,29.102,92.905,-0.8,105.365677045619,102.872296840916,-29.6296296296296,-2.49338020470273
"georgia","GA",2010,31.542,91.753,-2.9,107.876466363419,107.139270659396,-103.571428571429,-0.737195704022895
"hawaii","HI",2010,30.695,94.877,-2.1,106.229451462191,105.338129656153,-47.7272727272727,-0.891321806038192
"idaho","ID",2010,26.5,101.126,-0.8,106.764433342734,118.6799516483,13.5593220338983,11.9155183055661
"illinois","IL",2010,36.147,95.572,-0.8,103.712736349812,105.131618027215,-27.5862068965517,1.41888167740257
"indiana","IN",2010,28.629,99.48,-4.9,105.01430562688,108.796220348437,-490,3.78191472155673
"iowa","IA",2010,27.26,92.877,-2.3,106.52598671356,102.128852772677,-40.3508771929825,-4.39713394088322
"kansas","KS",2010,29.454,86.818,-0.5,108.119814991557,106.081303991887,-20,-2.03851099967045
"kentucky","KY",2010,26.981,96.967,-3.4,111.165588562482,111.453759683685,-188.888888888889,0.288171121203462
"louisiana","LA",2010,28.559,110.433,-3,107.0587794272,109.843142325711,-100,2.78436289851042
"maine","ME",2010,27.428,98.386,-1.2,106.890101325019,105.371046684731,-41.3793103448276,-1.51905464028869
"maryland","MD",2010,35.743,95.434,-4.7,110.604654041342,115.537530266344,-671.428571428572,4.93287622500209
"massachusetts","MA",2010,41.794,95.748,-1.6,105.863876997898,109.961641821899,-100,4.09776482400102
"michigan","MI",2010,32.157,96.945,-5.8,104.766403857431,104.052850196954,-101.754385964912,-0.713553660477501
"minnesota","MN",2010,34.878,97.081,-1.2,108.732113352246,109.9557146255,-46.1538461538462,1.22360127325361
"mississippi","MS",2010,24.174,96.569,-1.9,106.147361025731,106.004456689975,-633.333333333333,-0.142904335756427
"missouri","MO",2010,30.359,100.103,-2.1,107.271827850606,113.740484035905,300,6.468656185299
"montana","MT",2010,26.214,94.112,1.2,119.241266375546,113.471346411218,25.531914893617,-5.76991996432795
"nebraska","NE",2010,27.195,87.498,-3.9,103.019168118797,104.680209604479,-75,1.66104148568235
"nevada","NV",2010,29.899,101.626,-4.4,109.817821200323,110.783351865175,-84.6153846153846,0.965530664852182
"new hampshire","NH",2010,33.759,94.776,-1.8,106.170393433343,108.273356638563,-75,2.10296320522053
"new jersey","NJ",2010,39.698,98.846,-1.7,105.782349179279,106.670263853666,-425,0.887914674386963
"new mexico","NM",2010,26.941,98.07,-0.4,108.231560340672,111.843530820551,-9.52380952380952,3.61197047987913
"new york","NY",2010,43.439,96.703,-0.5,101.723532304522,110.098710052031,-10.2040816326531,8.37517774750864
"north carolina","NC",2010,1.9,100.934,0.1,47.5,112.01571465036,-4.34782608695652,64.5157146503601
"north dakota","ND",2010,28.198,77.758,-1.5,116.810273405137,117.78659718856,-75,0.976323783423624
"ohio","OH",2010,31.049,93.414,-1.4,105.083426405388,104.328888293239,-66.6666666666667,-0.754538112149376
"oklahoma","OK",2010,26.501,84.591,2.6,107.157009421374,104.69312739019,216.666666666667,-2.46388203118353
"oregon","OR",2010,31.261,92.44,-1.5,107.069219440353,113.155349907581,83.3333333333333,6.08613046722736
"pennsylvania","PA",2010,33.605,92.268,-2.1,107.285381349168,108.833555479541,525,1.54817413037257
"rhode island","RI",2010,4,97.264,-0.3,222.222222222222,108.398716119829,-7.14285714285714,-113.823506102393
"south carolina","SC",2010,27.075,94.263,-2.9,110.069924384096,107.904256049818,-56.8627450980392,-2.16566833427828
"south dakota","SD",2010,24.681,90.42,1.2,107.192182410423,106.602216458382,70.5882352941177,-0.589965952040998
"tennessee","TN",2010,28.7,94.048,-1.3,106.292359542239,109.184206554675,-92.8571428571429,2.89184701243536
"texas","TX",2010,31.817,91.054,-0.2,107.290507502951,105.900140728766,-4.08163265306122,-1.39036677418493
"utah","UT",2010,28.12,91.727,-2.4,105.738136421749,106.988977663731,-64.8648648648649,1.250841241982
"vermont","VT",2010,27.893,94.099,-4.9,105.352016920985,113.55013877157,-1633.33333333333,8.19812185058485
"virginia","VA",2010,33.578,96.033,-2.1,107.487435577323,110.699588477366,-525,3.21215290004302
"washington","WA",2010,35.65,88.381,-2.3,110.535780726777,111.084437294186,-121.052631578947,0.548656567409054
"west virginia","WV",2010,26.489,92.645,-1.1,110.288117245399,109.887437877332,-36.6666666666667,-0.400679368067102
"wisconsin","WI",2010,30.597,98.263,-3.8,104.99639682921,104.817220817733,-82.6086956521739,-0.179176011476883
"wyoming","WY",2010,27.897,101.303,5.6,105.025976959566,101.884761990968,186.666666666667,-3.14121496859785
"alabama","AL",2011,27.968,99.815,0.5,115.298676670652,114.712744072725,45.4545454545455,-0.585932597927012
"alaska","AK",2011,34.273,93.357,6.5,109.522896494424,102.651023684384,151.162790697674,-6.87187281003953
"arizona","AZ",2011,31.095,97.692,-0.1,109.024928999684,104.748935805196,-2.85714285714286,-4.27599319448839
"arkansas","AR",2011,26.732,97.217,1.8,110.253237647447,106.9270449521,60,-3.32619269534679
"california","CA",2011,39.459,90.737,2.4,109.623558827615,111.40619052881,-218.181818181818,1.78263170119516
"colorado","CO",2011,34.666,89.864,1.9,109.553455740606,108.036884309742,76,-1.51657143086447
"connecticut","CT",2011,44.131,96.433,5.6,106.655871619499,98.3939922658586,509.090909090909,-8.26187935364017
"delaware","DE",2011,37.588,112.768,1.2,111.253181791274,116.309628178021,26.6666666666667,5.05644638674625
"district of columbia","DC",2011,48.816,99.865,2.4,111.066618128868,106.421637059218,NA,-4.64498106964942
"florida","FL",2011,29.93,93.202,2.5,108.363504706734,103.201160434499,92.5925925925926,-5.16234427223567
"georgia","GA",2011,32.6,93.161,1.8,111.494921166935,108.783381403333,64.2857142857143,-2.71153976360199
"hawaii","HI",2011,30.955,94.979,0.7,107.12926111784,105.451376167161,15.9090909090909,-1.67788495067971
"idaho","ID",2011,26.34,98.625,1.9,106.119817896136,115.744815688484,-32.2033898305085,9.62499779234726
"illinois","IL",2011,37.021,96.325,1.6,106.220411442344,105.959937078553,55.1724137931034,-0.260474363790735
"indiana","IN",2011,29.274,97.995,3.8,107.380236226249,107.1721513173,380,-0.20808490894855
"iowa","IA",2011,28.015,92.869,2.8,109.476357952325,102.120055860393,49.1228070175439,-7.35630209193214
"kansas","KS",2011,29.811,87.589,0.3,109.430291461714,107.023374592197,12,-2.40691686951646
"kentucky","KY",2011,28.034,98.744,2,115.504099542664,113.496241465713,111.111111111111,-2.00785807695064
"louisiana","LA",2011,28.919,104.888,6.6,108.408307092518,104.32775992918,220,-4.08054716333733
"maine","ME",2011,27.804,97.814,2,108.355416991426,104.758436773731,68.9655172413793,-3.59698021769574
"maryland","MD",2011,36.134,94.006,2.6,111.814581012502,113.808716707022,371.428571428572,1.99413569452025
"massachusetts","MA",2011,43.898,96.886,3.8,111.193292636592,111.268576153616,237.5,0.0752835170248574
"michigan","MI",2011,32.483,96.6,1.4,105.828500684173,103.682555356395,24.5614035087719,-2.14594532777743
"minnesota","MN",2011,35.508,96.949,1.9,110.696137419335,109.806209013376,73.0769230769231,-0.889928405958514
"mississippi","MS",2011,24.485,98.164,-0.4,107.512953367876,107.755299180013,-133.333333333333,0.242345812137316
"missouri","MO",2011,29.979,96.282,2.7,105.929119112399,109.398931939552,-385.714285714286,3.46981282715346
"montana","MT",2011,27.149,95.989,1.5,123.494359534207,115.734455443157,31.9148936170213,-7.75990409104966
"nebraska","NE",2011,27.678,90.778,-1.9,104.848852185772,108.604311726844,-36.5384615384615,3.75545954107257
"nevada","NV",2011,29.916,101.86,-0.2,109.880261514729,111.03843722066,-3.84615384615385,1.15817570593114
"new hampshire","NH",2011,34.637,94.729,2.7,108.931660219518,108.219663216579,112.5,-0.711997002938872
"new jersey","NJ",2011,40.652,97.849,3.4,108.32445107653,105.594345222036,850,-2.73010585449316
"new mexico","NM",2011,27.38,95.582,4.3,109.995179174032,109.006101385642,102.380952380952,-0.989077788390034
"new york","NY",2011,43.872,95.041,2.8,102.737512586938,108.20648275705,57.1428571428571,5.46897017011263
"north carolina","NC",2011,0.7,98.895,2.7,17.5,109.752849390169,-117.391304347826,92.2528493901695
"north dakota","ND",2011,29.456,80.871,0.4,122.02154101077,122.502120698013,20,0.480579687242098
"ohio","OH",2011,31.904,94.759,1.3,107.977121196737,105.831043802631,61.9047619047619,-2.1460773941061
"oklahoma","OK",2011,27.954,88.323,1,113.032226759937,109.311996435599,83.3333333333333,-3.72023032433748
"oregon","OR",2011,31.617,93.682,-0.2,108.288522793438,114.675676006512,11.1111111111111,6.38715321307451
"pennsylvania","PA",2011,34.464,92.867,1.9,110.027775117326,109.540098373418,-475,-0.487676743907954
"rhode island","RI",2011,3.3,99.032,1.5,183.333333333333,110.369115549215,35.7142857142857,-72.9642177841179
"south carolina","SC",2011,28.046,96.305,1.4,114.017399788601,110.241763776643,27.4509803921569,-3.77563601195747
"south dakota","SD",2011,25.638,93.411,0.6,111.348534201954,110.128507427494,35.2941176470588,-1.22002677446089
"tennessee","TN",2011,29.186,94.755,0.9,108.092292878042,110.004992047552,64.2857142857143,1.91269916951059
"texas","TX",2011,32.057,90.493,1.4,108.099814533805,105.247670997081,28.5714285714286,-2.8521435367247
"utah","UT",2011,29.533,95.121,1.3,111.051364969542,110.947687642153,35.1351351351351,-0.103677327388851
"vermont","VT",2011,29.17,94.885,3.7,110.175253059375,114.498612284301,1233.33333333333,4.32335922492618
"virginia","VA",2011,34.04,96.09,1.3,108.966356157367,110.76529377183,325,1.79893761446232
"washington","WA",2011,36.159,88.385,1.4,112.113977427756,111.089464819889,73.6842105263158,-1.02451260786752
"west virginia","WV",2011,27.994,93.866,4.3,116.554250978433,111.335681837052,143.333333333333,-5.21856914138102
"wisconsin","WI",2011,31.295,98.702,1.8,107.391647506949,105.285502469412,39.1304347826087,-2.10614503753663
"wyoming","WY",2011,28.551,98.341,5.4,107.488140953241,98.9057518430237,180,-8.5823891102178
"alabama","AL",2012,27.434,97.459,0.5,113.09725027827,112.005102685806,45.4545454545455,-1.09214759246461
"alaska","AK",2012,36.01,100.122,-2,115.073658645704,110.089503661513,-46.5116279069767,-4.9841549841901
"arizona","AZ",2012,31.761,99.199,0.6,111.360050489113,106.364796328662,17.1428571428571,-4.99525416045134
"arkansas","AR",2012,27.825,98.321,2.9,114.761197723336,108.141312596927,96.6666666666667,-6.61988512640887
"california","CA",2012,40.758,91.698,2.2,113.232393387971,112.586098935504,-200,-0.646294452466506
"colorado","CO",2012,35.352,89.3,2.6,111.721391777012,107.358828550475,104,-4.36256322653682
"connecticut","CT",2012,44.381,94.82,2.3,107.260072020688,96.7481914557123,209.090909090909,-10.5118805649755
"delaware","DE",2012,38.362,110.571,4.1,113.544071508909,114.043628487443,91.1111111111111,0.499556978533619
"district of columbia","DC",2012,48.511,98.131,1.1,110.372679286494,104.573791280811,NA,-5.79888800568362
"florida","FL",2012,31.234,93.835,3.7,113.08472121651,103.902071729911,137.037037037037,-9.18264948659873
"georgia","GA",2012,32.903,91.549,2.7,112.531208317658,106.901061432291,96.4285714285714,-5.63014688536653
"hawaii","HI",2012,30.909,92.003,3.1,106.970064024918,102.147242669509,70.4545454545455,-4.82282135540888
"idaho","ID",2012,26.531,96.932,2.5,106.889327585512,113.757936368224,-42.3728813559322,6.86860878271176
"illinois","IL",2012,37.789,97.544,0.8,108.423952027085,107.300867919962,27.5862068965517,-1.12308410712303
"indiana","IN",2012,30.373,98.275,3.5,111.411488518817,107.478373087481,350,-3.9331154313364
"iowa","IA",2012,28.744,95.025,0.3,112.325127002735,104.490823720874,5.26315789473684,-7.83430328186147
"kansas","KS",2012,30.012,87.809,0.4,110.168122751634,107.292188511871,16,-2.87593423976291
"kentucky","KY",2012,28.987,100.736,1.4,119.430596184747,115.785844003586,77.7777777777778,-3.6447521811611
"louisiana","LA",2012,29.747,102.229,5.5,111.512220722747,101.682962491421,183.333333333333,-9.82925823132599
"maine","ME",2012,28.06,96.279,2.5,109.353078721746,103.1144573797,86.2068965517241,-6.23862134204559
"maryland","MD",2012,37.173,94.784,2,115.029706646862,114.750605326877,285.714285714286,-0.279101319985699
"massachusetts","MA",2012,44.984,98.503,0.8,113.944122191545,113.12561729104,50,-0.818504900505076
"michigan","MI",2012,32.778,96.84,0.7,106.789600573402,103.940151767219,12.280701754386,-2.84944880618326
"minnesota","MN",2012,35.781,96.543,1.2,111.547214515073,109.346365994269,46.1538461538462,-2.20084852080414
"mississippi","MS",2012,25.645,100.352,2.5,112.60648107491,110.157081856003,833.333333333333,-2.44939921890716
"missouri","MO",2012,31.09,97.529,2.4,109.854775449631,110.815816384502,-342.857142857143,0.961040934870994
"montana","MT",2012,27.676,95.055,2.9,125.891557496361,114.608326601478,61.7021276595745,-11.2832308948827
"nebraska","NE",2012,28.897,91.403,3.7,109.466626259565,109.35204460077,71.1538461538462,-0.114581658794634
"nevada","NV",2012,31.043,101.367,4.3,114.019687063836,110.501013800772,82.6923076923077,-3.51867326306423
"new hampshire","NH",2012,35.083,94.577,1.5,110.334308268076,108.046016405054,62.5,-2.28829186302158
"new jersey","NJ",2012,41.965,99.197,1.8,111.82317203155,107.049047644742,450,-4.77412438680797
"new mexico","NM",2012,28.38,96.705,2.4,114.012534147517,110.28682214746,57.1428571428571,-3.7257120000576
"new york","NY",2012,44.577,98.135,-1.6,104.388450460155,111.72907677069,-32.6530612244898,7.34062631053483
"north carolina","NC",2012,2.2,97.19,4,55,107.86065455514,-173.913043478261,52.86065455514
"north dakota","ND",2012,31.302,89.019,-3.5,129.6685998343,134.844583131362,-175,5.1759832970622
"ohio","OH",2012,32.269,92.919,3.1,109.212441195384,103.776050392012,147.619047619048,-5.4363908033713
"oklahoma","OK",2012,29.218,90.711,1.8,118.14322105859,112.267478557903,150,-5.87574250068749
"oregon","OR",2012,33.017,93.165,5,113.083535979724,114.042818846168,-277.777777777778,0.959282866444013
"pennsylvania","PA",2012,35.538,94.975,0.8,113.456565463078,112.02656318192,-200,-1.43000228115818
"rhode island","RI",2012,1.4,99.282,1.1,77.7777777777778,110.647735378031,26.1904761904762,32.8699576002536
"south carolina","SC",2012,28.022,95.174,1.1,113.919830880559,108.947091279562,21.5686274509804,-4.97273960099713
"south dakota","SD",2012,25.806,94.56,-0.6,112.078175895765,111.483140768687,-35.2941176470588,-0.59503512707883
"tennessee","TN",2012,30.366,97.52,1.1,112.462501388837,113.214994717717,78.5714285714286,0.75249332887968
"texas","TX",2012,33.508,92.3,2.5,112.992749957849,107.349298100743,51.0204081632653,-5.64345185710542
"utah","UT",2012,29.947,93.817,2.8,112.608107091825,109.426721875547,75.6756756756757,-3.18138521627846
"vermont","VT",2012,29.639,94.374,2.2,111.94666868107,113.881983830095,733.333333333333,1.93531514902567
"virginia","VA",2012,35.006,95.725,3.2,112.058644642914,110.344549342371,800,-1.71409530054362
"washington","WA",2012,37.496,89.858,2,116.259456777874,112.940851160102,105.263157894737,-3.31860561777266
"west virginia","WV",2012,28.809,92.678,4.2,119.947539345491,109.926579605973,140,-10.0209597395176
"wisconsin","WI",2012,31.662,99.358,0.5,108.651041487938,105.985258194929,10.8695652173913,-2.66578329300906
"wyoming","WY",2012,29.496,94.135,7.9,111.0458549808,94.6755976626538,263.333333333333,-16.3702573181459
"alabama","AL",2013,27.688,97.511,0.9,114.144370697118,112.064863870916,81.8181818181818,-2.0795068262025
"alaska","AK",2013,37.56,94.545,10.5,120.026843063944,103.957293338904,244.186046511628,-16.0695497250396
"arizona","AZ",2013,32.254,97.837,3,113.088601381438,104.904410109046,85.7142857142857,-8.18419127239179
"arkansas","AR",2013,28.325,101.599,-1.5,116.823393549451,111.746719607563,-50,-5.07667394188866
"california","CA",2013,41.07,92.319,0.1,114.099180441728,113.348557957936,-9.09090909090909,-0.750622483792185
"colorado","CO",2013,36.069,91.705,-0.6,113.987295768416,110.250183339545,-24,-3.73711242887157
"connecticut","CT",2013,45.058,94.558,1.8,108.896246707108,96.4808636117828,163.636363636364,-12.415383095325
"delaware","DE",2013,39.013,106.19,5.9,115.470905108625,109.525037388479,131.111111111111,-5.94586772014567
"district of columbia","DC",2013,48.354,96.051,1.8,110.015471423371,102.357228870725,NA,-7.65824255264555
"florida","FL",2013,31.598,93.626,1.4,114.402606806662,103.670649201094,51.8518518518518,-10.7319576055678
"georgia","GA",2013,33.511,93.651,-0.4,114.610622798317,109.355550625299,-14.2857142857143,-5.25507217301811
"hawaii","HI",2013,32.127,94.96,0.7,111.185326181,105.430281228836,15.9090909090909,-5.75504495216452
"idaho","ID",2013,27.662,100.619,0.4,111.445953023649,118.084944078677,-6.77966101694915,6.63899105502782
"illinois","IL",2013,38.309,97.346,1.6,109.915932631337,107.083062910447,55.1724137931034,-2.83286972089037
"indiana","IN",2013,30.73,98.921,0.5,112.721003594747,108.184870457255,50,-4.53613313749253
"iowa","IA",2013,28.948,93.227,2.7,113.122313403673,102.513717685093,47.3684210526316,-10.6085957185808
"kansas","KS",2013,30.961,87.495,3.5,113.651714264738,106.908517735609,140,-6.74319652912897
"kentucky","KY",2013,29.055,102.939,-1.9,119.710765934655,118.317969701846,-105.555555555556,-1.39279623280859
"louisiana","LA",2013,30.608,98.743,6.5,114.739841055631,98.2155823229259,216.666666666667,-16.5242587327047
"maine","ME",2013,28.611,95.199,3.1,111.500389711613,101.957781323966,106.896551724138,-9.5426083876477
"maryland","MD",2013,37.366,95.19,0.1,115.626934026488,115.242130750605,14.2857142857143,-0.384803275883087
"massachusetts","MA",2013,45.032,98.341,0.3,114.065705818283,112.939568642764,18.75,-1.1261371755195
"michigan","MI",2013,32.967,97.59,-0.2,107.405356095654,104.745140551042,-3.50877192982456,-2.6602155446122
"minnesota","MN",2013,36.095,98.479,-1.1,112.526109050098,111.539114972081,-42.3076923076923,-0.986994078017261
"mississippi","MS",2013,25.898,98.672,2.7,113.717397031703,108.312934280288,900,-5.40446275141433
"missouri","MO",2013,31.801,98.237,1.5,112.367054167697,111.620270423815,-214.285714285714,-0.746783743881807
"montana","MT",2013,27.902,96.473,-0.7,126.919577874818,116.318016855761,-14.8936170212766,-10.6015610190566
"nebraska","NE",2013,29.082,90.311,1.9,110.16743692704,108.045605723447,36.5384615384615,-2.12183120359342
"nevada","NV",2013,31.562,102.525,0.5,115.925953133035,111.763359277912,9.61538461538461,-4.16259385512237
"new hampshire","NH",2013,35.319,94.723,0.5,111.076516652514,108.212808737176,20.8333333333333,-2.86370791533798
"new jersey","NJ",2013,42.429,101.635,-1.3,113.05958217864,109.680030216371,-325,-3.37955196226915
"new mexico","NM",2013,28.401,94.763,2.1,114.09689860196,108.072076181787,50,-6.02482242017336
"new york","NY",2013,44.985,96.455,2.7,105.343886846357,109.816356039302,55.1020408163265,4.47246919294449
"north carolina","NC",2013,0.6,98.779,-1,15,109.624113553886,43.4782608695652,94.6241135538859
"north dakota","ND",2013,32.038,91.557,-0.5,132.717481358741,138.689105671352,-25,5.97162431261174
"ohio","OH",2013,32.892,94.758,0,111.320946288963,105.829926958386,0,-5.49101933057699
"oklahoma","OK",2013,30,92.359,0.8,121.305244430068,114.307107761235,66.6666666666667,-6.99813666883287
"oregon","OR",2013,33.618,93.909,1,115.141966640408,114.953545591422,-55.5555555555556,-0.188421048986726
"pennsylvania","PA",2013,35.895,96.647,-0.7,114.596303036108,113.998749690371,175,-0.597553345736202
"rhode island","RI",2013,2,98.997,2.3,111.111111111111,110.330108773181,54.7619047619048,-0.781002337929948
"south carolina","SC",2013,28.573,95.298,1.8,116.159850394341,109.089035921152,35.2941176470588,-7.07081447318896
"south dakota","SD",2013,26.238,93.131,3.2,113.954397394137,109.798396604574,188.235294117647,-4.15600078956241
"tennessee","TN",2013,30.588,98.123,0.1,113.284693159513,113.91504231631,7.14285714285714,0.63034915679745
"texas","TX",2013,34.035,95.343,-1.7,114.769853313101,110.888452099883,-34.6938775510204,-3.8814012132181
"utah","UT",2013,30.843,93.951,2.8,115.9772881101,109.583017437453,75.6756756756757,-6.39427067264742
"vermont","VT",2013,30.379,92.385,4.7,114.741652817646,111.481839024979,1566.66666666667,-3.2598137926673
"virginia","VA",2013,36.004,98.517,-0.1,115.253369185953,113.562956046616,-25,-1.69041313933727
"washington","WA",2013,38.604,93.587,-1.1,119.694902641697,117.627761996933,-57.8947368421053,-2.0671406447634
"west virginia","WV",2013,28.714,92.553,-0.2,119.552002664668,109.778315482333,-6.66666666666667,-9.77368718233531
"wisconsin","WI",2013,32.344,99.094,2.4,110.991386706016,105.703649183441,52.1739130434783,-5.28773752257506
"wyoming","WY",2013,30.023,94.019,1.9,113.029892327385,94.5589314988585,63.3333333333333,-18.4709608285265
"alabama","AL",2014,28.952,98.561,3.5,119.355237663355,113.271580108719,318.181818181818,-6.08365755463554
"alaska","AK",2014,39.251,94.761,4.3,125.430607484102,104.194796912454,100,-21.2358105716483
"arizona","AZ",2014,33.377,98.972,2.3,117.02605097998,106.121398625393,65.7142857142857,-10.904652354587
"arkansas","AR",2014,29.043,102.57,1.6,119.784706755754,112.814703197351,53.3333333333333,-6.97000355840203
"california","CA",2014,42.377,93.38,2,117.730240311154,114.651245595295,-181.818181818182,-3.07899471585924
"colorado","CO",2014,37.495,93.914,1.5,118.493821698322,112.905901730004,60,-5.58791996831793
"connecticut","CT",2014,46.089,94.004,2.9,111.387969161612,95.9155978654586,263.636363636364,-15.4723712961529
"delaware","DE",2014,39.757,113.058,-4.3,117.673000651157,116.608736011552,-95.5555555555555,-1.06426463960551
"district of columbia","DC",2014,49.774,97.064,1.9,113.246268656716,103.436737390637,NA,-9.80953126607929
"florida","FL",2014,32.21,93.769,1.8,116.618392469225,103.828990931337,66.6666666666667,-12.789401537888
"georgia","GA",2014,34.466,94.301,2.1,117.876808372379,110.114550613622,75,-7.76225775875704
"hawaii","HI",2014,32.567,92.882,3.6,112.708080982869,103.123161132021,81.8181818181818,-9.58491985084802
"idaho","ID",2014,28.222,101.646,1,113.702107086741,119.290215822272,-16.9491525423729,5.58810873553122
"illinois","IL",2014,39.113,98.837,0.6,112.222764180989,108.723200633615,20.6896551724138,-3.49956354737412
"indiana","IN",2014,31.474,100.709,0.6,115.450077030299,110.140315189693,60,-5.30976184060513
"iowa","IA",2014,29.623,97.289,-1.9,115.760062524424,106.980349897186,-33.3333333333333,-8.77971262723754
"kansas","KS",2014,31.583,90.787,-1.7,115.934953380809,110.930951479088,-68,-5.00400190172152
"kentucky","KY",2014,29.538,101.531,3.1,121.700795187673,116.699616100779,172.222222222222,-5.00117908689323
"louisiana","LA",2014,31.231,99.128,1.6,117.075273654221,98.598525915832,53.3333333333333,-18.476747738389
"maine","ME",2014,29.328,98.077,-0.5,114.294621979735,105.040108813229,-17.2413793103448,-9.25451316650603
"maryland","MD",2014,38.266,96.461,1.1,118.411932169823,116.780871670702,157.142857142857,-1.63106049912078
"massachusetts","MA",2014,46.215,98.027,3,117.062235618937,112.578955830673,187.5,-4.4832797882639
"michigan","MI",2014,33.808,98.324,1.8,110.145305271389,105.53295624081,31.578947368421,-4.61234903057884
"minnesota","MN",2014,37.061,99.532,1.6,115.537612619634,112.731762014248,61.5384615384615,-2.80585060538567
"mississippi","MS",2014,26.416,98.758,1.9,115.991920611223,108.407337072855,633.333333333333,-7.58458353836853
"missouri","MO",2014,32.748,98.736,2.5,115.713225681071,112.187251448699,-357.142857142857,-3.52597423237232
"montana","MT",2014,28.999,98.205,2.1,131.909570596798,118.406298604999,44.6808510638298,-13.5032719917988
"nebraska","NE",2014,30.469,95.855,-1.3,115.421622850216,114.678295408322,-25,-0.743327441893953
"nevada","NV",2014,32.476,99.555,6,119.28303827224,108.525737458303,115.384615384615,-10.7573008139364
"new hampshire","NH",2014,36.709,97.057,1.4,115.447998238828,110.879201224667,58.3333333333333,-4.56879701416058
"new jersey","NJ",2014,43.429,100.282,3.7,115.724259219783,108.219932013166,925,-7.50432720661689
"new mexico","NM",2014,29.108,99.461,-2.4,116.937168568215,113.429891087415,-57.1428571428571,-3.50727748079953
"new york","NY",2014,46.948,97.779,3,109.940753577032,111.323762139515,61.2244897959184,1.3830085624827
"north carolina","NC",2014,4.2,100.062,2.9,105,111.047976294849,-126.086956521739,6.04797629484946
"north dakota","ND",2014,34.28,99.408,-1.5,142.004971002485,150.581677169171,-75,8.57670616668563
"ohio","OH",2014,33.757,98.25,-1,114.248485463837,109.729947061583,-47.6190476190476,-4.51853840225446
"oklahoma","OK",2014,30.919,96.802,-1.7,125.021228417775,119.805938192304,-141.666666666667,-5.21529022547088
"oregon","OR",2014,34.216,93.929,1.8,117.190122272836,114.978027493176,-100,-2.21209477966057
"pennsylvania","PA",2014,36.517,97.416,0.9,116.5820642978,114.905813939773,-225,-1.67625035802753
"rhode island","RI",2014,3.6,98.375,4.2,200,109.636902639087,100,-90.363097360913
"south carolina","SC",2014,29.535,97.929,0.6,120.07073745833,112.100780695529,11.7647058823529,-7.9699567628012
"south dakota","SD",2014,27.354,96.312,0.8,118.801302931596,113.548691346381,47.0588235294118,-5.25261158521553
"tennessee","TN",2014,30.813,97.173,1.7,114.117995629791,112.812148089671,121.428571428571,-1.30584754012038
"texas","TX",2014,35.009,94.559,3.7,118.05429101332,109.976622742234,75.5102040816327,-8.0776682710861
"utah","UT",2014,31.152,94.887,0,117.139204331804,110.674753601213,0,-6.46445073059112
"vermont","VT",2014,31.051,96.364,-2,117.279800574105,116.283335344516,-666.666666666667,-0.996465229589333
"virginia","VA",2014,36.341,97.058,2.5,116.332148916419,111.881131053244,625,-4.45101786317423
"washington","WA",2014,40.206,95.655,1.9,124.662036462855,120.226992785501,100,-4.4350436773544
"west virginia","WV",2014,29.008,94.804,-1.4,120.776084603214,112.44825582085,-46.6666666666667,-8.32782878236476
"wisconsin","WI",2014,32.569,100.284,-0.5,111.763494732507,106.97302313674,-10.8695652173913,-4.7904715957671
"wyoming","WY",2014,30.976,92.208,5.2,116.617724568933,92.7375313037444,173.333333333333,-23.8801932651887
"alabama","AL",2015,29.742,98.931,2.3,122.612029517253,113.69680392585,209.090909090909,-8.91522559140259
"alaska","AK",2015,40.521,96.387,1.5,129.489023104209,105.98267103556,34.8837209302326,-23.5063520686491
"arizona","AZ",2015,33.792,97.753,2.5,118.481119175345,104.814342236471,71.4285714285714,-13.6667769388734
"arkansas","AR",2015,29.881,101.927,3.5,123.240946960323,112.107480284649,116.666666666667,-11.1334666756744
"california","CA",2015,44.111,95.907,1.3,122.547576052229,117.753876754208,-118.181818181818,-4.79369929802122
"colorado","CO",2015,39.035,97.872,-0.1,123.360616882091,117.664314310102,-4,-5.6963025719885
"connecticut","CT",2015,47.284,97.344,-0.9,114.276047079295,99.3235177079188,-81.8181818181818,-14.9525293713765
"delaware","DE",2015,40.046,114.973,-1,118.528384537974,118.583879119179,-22.2222222222222,0.0554945812047123
"district of columbia","DC",2015,51.892,99.19,2,118.065161994904,105.702319930946,NA,-12.362842063958
"florida","FL",2015,33.23,95.968,0.8,120.311368573497,106.263910265638,29.6296296296296,-14.0474583078598
"georgia","GA",2015,35.263,96.469,0,120.602619788638,112.646107497752,0,-7.95651229088627
"hawaii","HI",2015,34.163,96.448,1,118.231527946011,107.082347977662,22.7272727272727,-11.1491799683499
"idaho","ID",2015,28.84,99.323,4.6,116.191934249224,116.563977983546,-77.9661016949153,0.372043734321878
"illinois","IL",2015,40.584,99.998,2.6,116.44334777494,110.00033000759,89.6551724137931,-6.4430177673503
"indiana","IN",2015,32.234,97.601,5.7,118.237840217152,106.741253540689,570,-11.4965866764629
"iowa","IA",2015,30.86,100.832,0.5,120.593982024228,110.876282424869,8.7719298245614,-9.71769959935936
"kansas","KS",2015,33.101,93.695,1.6,121.507231480802,114.48418274459,64,-7.02304873621158
"kentucky","KY",2015,30.088,98.953,4.5,123.966874047217,113.736465828372,250,-10.2304082188451
"louisiana","LA",2015,32.095,99.087,2.8,120.314140050982,98.5577449098342,93.3333333333333,-21.756395141148
"maine","ME",2015,30.12,95.601,5.4,117.381137957911,102.388321855822,186.206896551724,-14.9928161020887
"maryland","MD",2015,39.071,97.584,0.9,120.902958286917,118.140435835351,128.571428571429,-2.76252245156559
"massachusetts","MA",2015,47.902,101.023,0.6,121.335393500342,116.019707375336,37.5,-5.31568612500604
"michigan","MI",2015,35.01,98.366,3.5,114.061380074282,105.578035612704,61.4035087719298,-8.48334446157781
"minnesota","MN",2015,38.332,99.598,3.4,119.499953237522,112.80651482031,130.769230769231,-6.69343841721209
"mississippi","MS",2015,26.997,98.663,2.3,118.543075436902,108.303054918276,766.666666666667,-10.240020518626
"missouri","MO",2015,34.046,99.136,3.5,120.299636055263,112.641745256221,-500,-7.65789079904218
"montana","MT",2015,29.806,100.529,0.4,135.580422125182,121.208357949819,8.51063829787234,-14.3720641753634
"nebraska","NE",2015,31.516,98.535,0.6,119.387832411546,117.884573971718,11.5384615384615,-1.50325843982857
"nevada","NV",2015,33.117,99.174,2.4,121.637405421288,108.110406174374,46.1538461538462,-13.5269992469147
"new hampshire","NH",2015,37.588,98.659,0.7,118.212409975784,112.709347225078,29.1666666666667,-5.50306275070562
"new jersey","NJ",2015,44.401,100.836,1.7,118.314325303773,108.817784492527,425,-9.49654081124635
"new mexico","NM",2015,30.17,102.136,0.9,121.203599550056,116.480583908308,21.4285714285714,-4.72301564174813
"new york","NY",2015,47.916,97.247,2.6,112.207573238414,110.718067241242,53.0612244897959,-1.48950599717223
"north carolina","NC",2015,2.3,99.906,2.5,57.5,110.874848790882,-108.695652173913,53.374848790882
"north dakota","ND",2015,34.933,100.077,1.2,144.710024855012,151.595067862336,60,6.88504300732396
"ohio","OH",2015,34.144,97.611,1.8,115.558263106238,109.016283589091,85.7142857142857,-6.54197951714684
"oklahoma","OK",2015,31.642,102.898,-3.7,127.94468480854,127.350586022104,-308.333333333333,-0.594098786435666
"oregon","OR",2015,35.235,95.75,1,120.680206870569,117.207104647889,-55.5555555555556,-3.47310222267983
"pennsylvania","PA",2015,37.473,98.234,1.8,119.634134661431,115.870675521061,-450,-3.76345914037026
"rhode island","RI",2015,2.7,99.324,1.8,150,110.694543509272,42.8571428571429,-39.3054564907275
"south carolina","SC",2015,30.119,97.179,2.8,122.444914220668,111.242244556881,54.9019607843137,-11.2026696637875
"south dakota","SD",2015,28.71,97.702,3.5,124.690553745928,115.187455788729,205.882352941176,-9.50309795719926
"tennessee","TN",2015,31.869,99.769,0.7,118.0289618903,115.825951681623,50,-2.20301020867687
"texas","TX",2015,36.263,98.236,-0.3,122.282920249536,114.253148951513,-6.12244897959184,-8.02977129802377
"utah","UT",2015,32.485,97.065,1.9,122.151613145822,113.215139674579,51.3513513513513,-8.93647347124373
"vermont","VT",2015,32.336,96.078,4.4,122.133252757214,115.938216483649,1466.66666666667,-6.19503627356498
"virginia","VA",2015,36.898,98.346,0.2,118.115176542143,113.365840163226,50,-4.74933637891708
"washington","WA",2015,40.706,96.357,0.5,126.212327917649,121.109323546417,26.3157894736842,-5.10300437123188
"west virginia","WV",2015,29.803,95.712,1.8,124.086102090099,113.525246414974,60,-10.5608556751256
"wisconsin","WI",2015,33.634,102.06,1.5,115.418139391236,108.86748375948,32.6086956521739,-6.55065563175543
"wyoming","WY",2015,31.64,100.755,-6.5,119.117536330096,101.333614941315,-216.666666666667,-17.7839213887807
"alabama","AL",2016,30.076,99.204,0.8,123.988951642825,114.010550147679,72.7272727272727,-9.97840149514569
"alaska","AK",2016,40.045,98.517,-3.3,127.967916147381,108.324720163614,-76.7441860465116,-19.6431959837677
"arizona","AZ",2016,34.523,99.553,0.3,121.04414291224,106.744368077373,8.57142857142857,-14.2997748348675
"arkansas","AR",2016,30.172,102.022,0.9,124.441144931123,112.21196889539,30,-12.2291760357323
"california","CA",2016,45.082,96.697,1.4,125.245172940686,118.723832676464,-127.272727272727,-6.52134026422178
"colorado","CO",2016,39.775,98.33,1.4,125.69920677559,118.214934057875,56,-7.48427271771499
"connecticut","CT",2016,47.551,95.768,2.2,114.921333107765,97.715469303213,200,-17.2058638045522
"delaware","DE",2016,39.644,104.899,8.5,117.338542591606,108.193491826105,188.888888888889,-9.1450507655011
"district of columbia","DC",2016,52.53,98.774,1.7,119.51674554059,105.259007448928,NA,-14.2577380916613
"florida","FL",2016,33.931,97.052,1,122.849384503983,107.464207017971,37.037037037037,-15.3851774860114
"georgia","GA",2016,36.169,98.466,0.5,123.701220971989,114.977989000339,17.8571428571429,-8.72323197165083
"hawaii","HI",2016,35.665,98.714,2,123.429659110573,109.598196937903,45.4545454545455,-13.8314621726696
"idaho","ID",2016,29.831,101.679,1,120.184521171589,119.328944125621,-16.9491525423729,-0.855577045968019
"illinois","IL",2016,41.142,100.18,1.2,118.044357731042,110.200534612296,41.3793103448276,-7.84382311874572
"indiana","IN",2016,32.868,98.973,0.6,120.563421612501,108.241740214574,60,-12.321681397927
"iowa","IA",2016,31.722,100.887,2.7,123.962485345838,110.93676119682,47.3684210526316,-13.0257241490183
"kansas","KS",2016,33.543,99.42,-4.5,123.129726158138,121.479454063367,-180,-1.65027209477138
"kentucky","KY",2016,30.682,99.027,1.9,126.414239215525,113.821521344337,105.555555555556,-12.5927178711878
"louisiana","LA",2016,32.851,100.249,1.2,123.148148148148,99.7135382993326,40,-23.4346098488156
"maine","ME",2016,30.8,96.419,1.4,120.031176929072,103.264396868407,48.2758620689655,-16.7667800606658
"maryland","MD",2016,39.939,100.745,-1,123.588934274044,121.967312348668,-142.857142857143,-1.62162192537552
"massachusetts","MA",2016,48.266,100.44,1.3,122.257402669774,115.350161931231,81.25,-6.9072407385429
"michigan","MI",2016,35.812,98.879,1.8,116.674268586694,106.128647940839,31.578947368421,-10.5456206458558
"minnesota","MN",2016,38.789,99.863,0.9,120.924650060791,113.106658662831,34.6153846153846,-7.81799139796036
"mississippi","MS",2016,27.558,100.469,0.2,121.006410819355,110.285513562169,66.6666666666667,-10.7208972571868
"missouri","MO",2016,34.773,99.853,1.4,122.868449878096,113.456425406204,-200,-9.41202447189238
"montana","MT",2016,29.793,96.238,4.4,135.521288209607,116.034676087245,93.6170212765958,-19.4866121223621
"nebraska","NE",2016,32.311,99.901,1.1,122.399424198803,119.518818940971,21.1538461538462,-2.88060525783196
"nevada","NV",2016,33.849,99.298,2.1,124.326011900389,108.245579610613,40.3846153846154,-16.080432289776
"new hampshire","NH",2016,37.864,99.696,-0.3,119.080416391483,113.894029748441,-12.5,-5.18638664304285
"new jersey","NJ",2016,44.273,100.045,0.5,117.973246642507,107.964172017482,125,-10.0090746250246
"new mexico","NM",2016,30.893,102.677,1.9,124.108147195886,117.097565147973,45.2380952380952,-7.01058204791336
"new york","NY",2016,48.503,98.63,-0.2,113.582183921504,112.292646271902,-4.08163265306122,-1.28953764960198
"north carolina","NC",2016,1.3,99.734,1.5,32.5,110.683964619841,-65.2173913043478,78.1839646198409
"north dakota","ND",2016,34.7,97.152,2.3,143.744821872411,147.164323800291,115,3.41950192787988
"ohio","OH",2016,34.591,98.51,0.4,117.071107049785,110.020326565257,19.047619047619,-7.05078048452788
"oklahoma","OK",2016,31.16,100.368,1,125.995713881363,124.219359150485,83.3333333333333,-1.77635473087894
"oregon","OR",2016,35.835,97.023,0.4,122.735212521834,118.765377694539,-22.2222222222222,-3.96983482729512
"pennsylvania","PA",2016,37.848,99.835,-0.6,120.831337994445,117.759114875146,150,-3.072223119299
"rhode island","RI",2016,2.7,101.961,0.1,150,113.633425463623,2.38095238095238,-36.3665745363766
"south carolina","SC",2016,30.897,99.253,0.4,125.607772989674,113.616383158955,7.84313725490196,-11.9913898307189
"south dakota","SD",2016,29.562,97.582,3.1,128.390879478827,115.045979721764,182.352941176471,-13.3448997570636
"tennessee","TN",2016,31.911,98.22,1.7,118.184511684752,114.027653621556,121.428571428571,-4.15685806319605
"texas","TX",2016,36.747,98.218,1.4,123.91502276176,114.232214093811,28.5714285714286,-9.68280866794879
"utah","UT",2016,33.31,97.882,1.7,125.253816650372,114.168076048288,45.9459459459459,-11.0857406020839
"vermont","VT",2016,32.847,96.903,0.7,124.063302613688,116.933751659225,233.333333333333,-7.1295509544626
"virginia","VA",2016,37.284,98.591,0.8,119.350811485643,113.648257656972,200,-5.70255382867072
"washington","WA",2016,41.614,96.733,1.8,129.027657199553,121.58191096252,94.7368421052632,-7.44574623703369
"west virginia","WV",2016,29.339,97.014,-2.9,122.154217670081,115.069565526812,-96.6666666666667,-7.08465214326868
"wisconsin","WI",2016,34.17,101.739,1.9,117.257472289901,108.52507280233,41.304347826087,-8.73239948757117
"wyoming","WY",2016,32.302,102.433,0.4,121.609818537761,103.021251345181,13.3333333333333,-18.5885671925797
"alabama","AL",2017,31.089,100,2.5,128.165065754215,114.92535598129,227.272727272727,-13.2397097729251
"alaska","AK",2017,39.557,100,-2.7,126.408461956348,109.955358124601,-62.7906976744186,-16.4531038317467
"arizona","AZ",2017,35.429,100,2.2,124.220749623085,107.223657827863,62.8571428571429,-16.9970917952216
"arkansas","AR",2017,30.539,100,3.3,125.954796667492,109.988011306768,110,-15.966785360724
"california","CA",2017,47.215,100,1.3,131.170995971663,122.779230665341,-118.181818181818,-8.39176530632211
"colorado","CO",2017,41.597,100,2.8,131.457194324179,120.222652352156,112,-11.2345419720229
"connecticut","CT",2017,47.989,100,-3.3,115.979892210648,102.033528217372,-300,-13.9463639932762
"delaware","DE",2017,41.32,100,9.3,122.299177173977,103.140632252076,206.666666666667,-19.1585449219017
"district of columbia","DC",2017,54.516,100,2.5,124.035311248635,106.565500484873,NA,-17.4698107637618
"florida","FL",2017,34.983,100,0.1,126.658218682114,110.728482687602,3.7037037037037,-15.9297359945127
"georgia","GA",2017,37.492,100,2.1,128.225999521187,116.769228972781,75,-11.4567705484063
"hawaii","HI",2017,36.335,100,0.6,125.748399377055,111.025991184536,13.6363636363636,-14.7224081925186
"idaho","ID",2017,30.46,100,3.8,122.718665646026,117.35849499466,-64.4067796610169,-5.36017065136537
"illinois","IL",2017,42.454,100,3.4,121.808739563309,110.002530058191,117.241379310345,-11.8062095051174
"indiana","IN",2017,33.564,100,1.1,123.116425794146,109.364917921629,110,-13.7515078725166
"iowa","IA",2017,32.564,100,3.6,127.252833137945,109.961403547355,63.1578947368421,-17.2914295905896
"kansas","KS",2017,34.266,100,1.6,125.783716320388,122.188145306142,64,-3.59557101424521
"kentucky","KY",2017,31.754,100,2.5,130.831032919946,114.939886439392,138.888888888889,-15.8911464805534
"louisiana","LA",2017,33.021,100,0.8,123.785425101215,99.4658682872972,26.6666666666667,-24.3195568139174
"maine","ME",2017,31.824,100,-0.4,124.021823850351,107.099634790245,-13.7931034482759,-16.9221890601054
"maryland","MD",2017,40.819,100,3,126.312043569749,121.065375302663,428.571428571429,-5.24666826708528
"massachusetts","MA",2017,50.169,100,4.4,127.077686871501,114.844844614925,275,-12.2328422565761
"michigan","MI",2017,36.987,100,2.1,120.50237831498,107.331837843059,36.8421052631579,-13.1705404719207
"minnesota","MN",2017,40.182,100,3.4,125.26732549802,113.261827366323,130.769230769231,-12.0054981316977
"mississippi","MS",2017,28.133,100,2.6,123.531219812066,109.770689030615,866.666666666667,-13.7605307814513
"missouri","MO",2017,35.934,100,3.2,126.970778417724,113.623451880468,-457.142857142857,-13.3473265372556
"montana","MT",2017,31.041,100,0.3,141.198144104804,120.570539794307,6.38297872340426,-20.6276043104968
"nebraska","NE",2017,33.028,100,2.1,125.115539055989,119.637259828201,40.3846153846154,-5.47827922778818
"nevada","NV",2017,34.369,100,0.8,126.235950929259,109.010835677066,15.3846153846154,-17.2251152521925
"new hampshire","NH",2017,39.099,100,2.9,122.964430606661,114.24132337149,120.833333333333,-8.72310723517107
"new jersey","NJ",2017,45.371,100,2.5,120.899062033682,107.915609992985,625,-12.983452040696
"new mexico","NM",2017,31.504,100,4.7,126.562751084686,114.044591435251,111.904761904762,-12.5181596494347
"new york","NY",2017,50.863,100,3.4,119.108727724047,113.852424487379,69.3877551020408,-5.25630323666802
"north carolina","NC",2017,3.5,100,3.2,87.5,110.979169209939,-139.130434782609,23.4791692099393
"north dakota","ND",2017,35.222,100,-1.4,145.907207953604,151.478429471643,-70,5.57122151803927
"ohio","OH",2017,35.732,100,1.8,120.932751209937,111.684424490161,85.7142857142857,-9.24832671977609
"oklahoma","OK",2017,31.481,100,1.4,127.293679996765,123.763907969158,116.666666666667,-3.52977202760718
"oregon","OR",2017,37.151,100,0.6,127.242524916944,122.409508770641,-33.3333333333333,-4.83301614630223
"pennsylvania","PA",2017,39.071,100,3.1,124.735817131182,117.953738543743,-775,-6.78207858743841
"rhode island","RI",2017,1.7,100,3.7,94.4444444444444,111.447931526391,88.0952380952381,17.0034870819464
"south carolina","SC",2017,31.978,100,2.7,130.002439222701,114.471485153048,52.9411764705882,-15.5309540696527
"south dakota","SD",2017,31.181,100,2.9,135.4223669924,117.896722471115,170.588235294118,-17.5256445212843
"tennessee","TN",2017,32.94,100,1.4,121.995481648828,116.09412911989,100,-5.9013525289374
"texas","TX",2017,37.723,100,0.8,127.206204687237,116.304765006222,16.3265306122449,-10.9014396810142
"utah","UT",2017,34.068,100,0.1,128.104083627886,116.638479034233,2.7027027027027,-11.4656045936526
"vermont","VT",2017,33.584,100,-0.9,126.846955733494,120.670930372873,-300,-6.17602536062132
"virginia","VA",2017,38.94,100,3,124.651877460866,115.272446427131,750,-9.37943103373568
"washington","WA",2017,43.791,100,1.8,135.777626193724,125.688142580629,94.7368421052632,-10.0894836130954
"west virginia","WV",2017,30.482,100,0.8,126.913148471979,118.611298912334,26.6666666666667,-8.30184955964495
"wisconsin","WI",2017,35.017,100,4.3,120.164030060739,106.67008010923,93.4782608695652,-13.493949951509
"wyoming","WY",2017,32.422,100,2.8,122.061591747609,100.574279133854,93.3333333333333,-21.487312613755
"alabama","AL",2018,32.183,101.089,2.4,132.675104093664,116.176893107926,218.181818181818,-16.4982109857373
"alaska","AK",2018,41.263,95.549,9.2,131.860160419263,105.061245134475,213.953488372093,-26.7989152847877
"arizona","AZ",2018,36.794,101.492,2.3,129.006696819887,108.823434802655,65.7142857142857,-20.1832620172322
"arkansas","AR",2018,31.183,100.729,1.4,128.610904891529,110.789823909194,46.6666666666667,-17.8210809823346
"california","CA",2018,49.048,102.16,1.7,136.263369912488,125.431262047712,-154.545454545455,-10.8321078647759
"colorado","CO",2018,42.895,100.977,2.1,135.559207407642,121.397227665637,84,-14.1619797420047
"connecticut","CT",2018,48.676,98.548,2.9,117.640234913116,100.552001387656,263.636363636364,-17.08823352546
"delaware","DE",2018,42.017,100.323,1.4,124.362161842183,103.47377649425,31.1111111111111,-20.8883853479332
"district of columbia","DC",2018,57.114,102.222,2.5,129.946305060066,108.933385905647,NA,-21.0129191544186
"florida","FL",2018,35.839,99.066,3.4,129.757422157857,109.6942786593,125.925925925926,-20.0631434985571
"georgia","GA",2018,38.353,101.683,0.6,131.170696672253,118.734455096393,21.4285714285714,-12.4362415758598
"hawaii","HI",2018,37.784,102.896,1.1,130.763107804118,114.24130388924,25,-16.5218039148779
"idaho","ID",2018,31.52,103.486,0,126.989242979735,121.449612130174,0,-5.53963084956084
"illinois","IL",2018,44.15,101.663,2.3,126.674891687946,111.831872133059,79.3103448275862,-14.8430195548874
"indiana","IN",2018,34.868,102.863,1,127.899640525273,112.496035521725,100,-15.4036050035479
"iowa","IA",2018,33.878,101.434,2.6,132.387651426338,111.538250074224,45.6140350877193,-20.8494013521145
"kansas","KS",2018,35.443,101.837,1.6,130.104250789223,124.432741535416,64,-5.67150925380628
"kentucky","KY",2018,32.784,101.236,2,135.074780602365,116.360543435783,111.111111111111,-18.7142371665818
"louisiana","LA",2018,33.786,100.371,1.9,126.653171390014,99.8348866586431,63.3333333333333,-26.8182847313704
"maine","ME",2018,32.904,102.609,0.8,128.230709275136,109.893864261923,27.5862068965517,-18.3368450132135
"maryland","MD",2018,41.626,98.7,3.3,128.809258571605,119.491525423729,471.428571428571,-9.31773314787657
"massachusetts","MA",2018,52.773,103.524,1.6,133.673598622052,118.891976939155,100,-14.781621682897
"michigan","MI",2018,38.026,101.03,1.8,123.887404704503,108.437355772843,31.578947368421,-15.4500489316596
"minnesota","MN",2018,41.876,103.06,1.1,130.548367989525,116.727639283732,42.3076923076923,-13.820728705793
"mississippi","MS",2018,29.117,99.951,3.5,127.851936418723,109.71690139299,1166.66666666667,-18.1350350257331
"missouri","MO",2018,37.186,99.507,4,131.394650365711,113.063288262697,-571.428571428571,-18.331362103014
"montana","MT",2018,31.82,98.994,3.6,144.741630276565,119.357600163976,76.5957446808511,-25.3840301125888
"nebraska","NE",2018,34.953,101.947,3.8,132.407758163497,121.966597277056,73.0769230769231,-10.4411608864413
"nevada","NV",2018,35.522,100.46,2.9,130.47087342981,109.512285521181,55.7692307692308,-20.9585879086289
"new hampshire","NH",2018,40.917,102.256,2.3,128.681951127465,116.818607626751,95.8333333333333,-11.8633435007141
"new jersey","NJ",2018,46.353,102.272,-0.1,123.515774888084,110.367452652026,-25,-13.1483222360575
"new mexico","NM",2018,32.564,102.137,1.2,130.82114735658,116.481724354223,28.5714285714286,-14.3394230023579
"new york","NY",2018,52.361,101.444,1.5,122.616677985153,115.496453496977,30.6122448979592,-7.12022448817605
"north carolina","NC",2018,4.6,100.928,3.6,115,112.009055900208,-156.521739130435,-2.99094409979246
"north dakota","ND",2018,36.361,101.96,1.3,150.625517812759,154.447406689287,65,3.82188887652853
"ohio","OH",2018,36.758,99.776,3.1,124.405184959556,111.434251379303,147.619047619048,-12.9709335802533
"oklahoma","OK",2018,32.502,98.807,4.5,131.422101815535,122.287404547086,375,-9.13469726844917
"oregon","OR",2018,38.318,101.863,1.3,131.239510908655,124.689997919038,-72.2222222222222,-6.54951298961664
"pennsylvania","PA",2018,39.806,98.404,3.5,127.082335663889,116.071196876585,-875,-11.0111387873041
"rhode island","RI",2018,0.6,98.458,2.2,33.3333333333333,109.729404422254,52.3809523809524,76.3960710889206
"south carolina","SC",2018,32.539,100.763,1,132.283112448167,115.344902584766,19.6078431372549,-16.9382098634004
"south dakota","SD",2018,32.517,100.03,4.3,141.224755700326,117.932091487857,252.941176470588,-23.2926642124691
"tennessee","TN",2018,34.319,100.916,3.2,127.102699900004,117.157551342629,228.571428571429,-9.94514855737512
"texas","TX",2018,38.984,102.039,1.3,131.458438711853,118.676219164699,26.530612244898,-12.7822195471538
"utah","UT",2018,35.764,103.211,1.7,134.481461983906,120.383740596023,45.9459459459459,-14.0977213878835
"vermont","VT",2018,34.604,101.802,1.2,130.699501435262,122.845420538192,400,-7.85408089706979
"virginia","VA",2018,40.372,100.978,2.7,129.235891033644,116.399810953188,675,-12.836080080456
"washington","WA",2018,46.601,105.706,0.7,144.490264169664,132.85990799628,36.8421052631579,-11.6303561733842
"west virginia","WV",2018,32.411,101.546,4.7,134.944624864685,120.445029593519,156.666666666667,-14.4995952711657
"wisconsin","WI",2018,36.8,103.057,2,126.282557221784,109.930984458169,43.4782608695652,-16.3515727636144
"wyoming","WY",2018,33.057,97.99,4,124.452224983058,98.5527361232638,133.333333333333,-25.8994888597947
"alabama","AL",2019,33.257,102.858,1.6,137.102692006431,118.209922655235,145.454545454545,-18.8927693511957
"alaska","AK",2019,42.421,92.734,5.9,135.560668520116,101.966001803268,137.209302325581,-33.5946667168485
"arizona","AZ",2019,38.085,103.741,1.3,133.53318607342,111.234894867204,37.1428571428571,-22.2982912062161
"arkansas","AR",2019,32.113,101.595,2.1,132.446589128104,111.742320087111,70,-20.7042690409931
"california","CA",2019,51.291,107.346,-0.5,142.494790943187,131.798592950017,45.4545454545455,-10.69619799317
"colorado","CO",2019,45.619,106.299,1,144.167746421009,127.795477223819,40,-16.3722691971909
"connecticut","CT",2019,50.277,100.217,1.6,121.509534282331,102.254940973604,145.454545454545,-19.2545933087268
"delaware","DE",2019,43.341,105.977,-2.4,128.280944770023,109.305347841782,-53.3333333333333,-18.9755969282408
"district of columbia","DC",2019,57.907,101.387,2.2,131.750546050237,108.043563976598,NA,-23.7069820736384
"florida","FL",2019,37.7,102.042,2.1,136.495293265749,112.989558304083,77.7777777777778,-23.5057349616669
"georgia","GA",2019,39.476,104.023,0.6,135.011457300181,121.466855054356,21.4285714285714,-13.5446022458251
"hawaii","HI",2019,39.295,103.744,3.1,135.992386225991,115.182804294485,70.4545454545455,-20.8095819315053
"idaho","ID",2019,32.917,106.691,1.3,132.617541597841,125.210951894753,-22.0338983050847,-7.40658970308762
"illinois","IL",2019,45.527,103.693,1.1,130.625771095745,114.06492349324,37.9310344827586,-16.5608476025046
"indiana","IN",2019,35.477,101.88,2.7,130.133519184212,111.420978378556,270,-18.7125408056567
"iowa","IA",2019,34.637,101.65,2,135.353653771004,111.775766705886,35.0877192982456,-23.5778870651181
"kansas","KS",2019,36.218,100.536,3.5,132.949122678217,122.843073764983,140,-10.1060489132341
"kentucky","KY",2019,33.714,104.031,0.1,138.906513946685,119.573113261764,5.55555555555556,-19.3334006849212
"louisiana","LA",2019,34.117,100.274,1.1,127.893987104513,99.7384047664044,36.6666666666667,-28.155582338109
"maine","ME",2019,34.626,106.514,1.4,134.941543257989,114.076105000482,48.2758620689655,-20.8654382575071
"maryland","MD",2019,42.89,99.681,2,132.7206337418,120.679176755448,285.714285714286,-12.0414569863518
"massachusetts","MA",2019,54.774,105.886,1.5,138.742116061704,121.60461216896,93.75,-17.137503892744
"michigan","MI",2019,39.284,101.937,2.4,127.985925588063,109.410855542079,42.1052631578947,-18.5750700459834
"minnesota","MN",2019,43.327,103.653,2.9,135.071858340867,117.399281920015,111.538461538462,-17.6725764208528
"mississippi","MS",2019,29.595,98.852,2.8,129.950821111794,108.510521520544,933.333333333333,-21.4402995912506
"missouri","MO",2019,38.523,100.972,2.1,136.118865057772,114.727871832746,-300,-21.3909932250256
"montana","MT",2019,32.833,99.903,2.2,149.349526928675,120.453586370706,46.8085106382979,-28.8959405579692
"nebraska","NE",2019,36.339,104.33,1.6,137.658155920903,124.817553178762,30.7692307692308,-12.8406027421411
"nevada","NV",2019,36.073,99.88,2.1,132.494674208477,108.880022674254,40.3846153846154,-23.6146515342234
"new hampshire","NH",2019,42.383,103.739,2.1,133.292448973174,118.51280645235,87.5,-14.7796425208236
"new jersey","NJ",2019,47.733,103.041,2.2,127.19302920486,111.197323692872,550,-15.9957055119882
"new mexico","NM",2019,33.502,107.506,-2.3,134.58942632171,122.604778468381,-54.7619047619048,-11.9846478533287
"new york","NY",2019,54.534,104.171,1.4,127.70531344402,118.601209112748,28.5714285714286,-9.10410433127224
"north carolina","NC",2019,2.6,100.24,3.3,65,111.245519216043,-143.478260869565,46.2455192160431
"north dakota","ND",2019,37.262,104.097,0.4,154.357912178956,157.684500727096,20,3.32658854814034
"ohio","OH",2019,38.037,102.766,0.5,128.733881612346,114.773615671558,23.8095238095238,-13.960265940788
"oklahoma","OK",2019,33.161,101.293,-0.5,134.086773684849,125.364175299199,-41.6666666666667,-8.72259838564973
"oregon","OR",2019,39.573,103.032,2.1,135.537897729219,126.120965076567,-116.666666666667,-9.41693265265164
"pennsylvania","PA",2019,40.962,98.69,2.6,130.772914471794,116.40854456882,-650,-14.3643699029738
"rhode island","RI",2019,3.8,100.773,1.4,211.111111111111,112.30942403709,33.3333333333333,-98.8016870740212
"south carolina","SC",2019,33.876,102.353,2.5,137.718513700301,117.1649991987,49.0196078431373,-20.5535145016013
"south dakota","SD",2019,33.519,99.408,3.7,145.57654723127,117.198773874086,217.647058823529,-28.3777733571841
"tennessee","TN",2019,35.168,102.426,1,130.247027887856,118.910572692339,71.4285714285714,-11.336455195517
"texas","TX",2019,40.331,102.185,3.3,136.000674422526,118.846024121608,67.3469387755102,-17.1546503009174
"utah","UT",2019,37.415,107.486,0.5,140.689629239678,125.370035574736,13.5135135135135,-15.319593664942
"vermont","VT",2019,35.419,98.887,5.4,133.777760991086,119.327862917823,1800,-14.4498980732632
"virginia","VA",2019,42.08,105.165,0.1,134.703415602292,121.226268285092,25,-13.4771473172002
"washington","WA",2019,49.288,109.622,2,152.821530447724,137.781855659737,105.263157894737,-15.0396747879871
"west virginia","WV",2019,32.493,101.585,0.2,135.286035473395,120.491288000095,6.66666666666667,-14.7947474733001
"wisconsin","WI",2019,38.4,106.075,1.4,131.773103187948,113.150287475866,30.4347826086957,-18.6228157120824
"wyoming","WY",2019,33.557,97.335,2.2,126.334613357428,97.8939745949371,73.3333333333333,-28.4406387624908
"alabama","AL",2020,35.435,105.759,3.6,146.081543471987,121.543907232253,327.272727272727,-24.5376362397349
"alaska","AK",2020,46.139,100.626,0.2,147.441919918193,110.643678666461,4.65116279069767,-36.7982412517312
"arizona","AZ",2020,41.076,108.137,3.5,144.020195645314,115.948446865316,100,-28.0717487799976
"arkansas","AR",2020,34.174,106.672,1.4,140.946960323352,117.326411421155,46.6666666666667,-23.6205489021972
"california","CA",2020,56.767,116.136,2.3,157.708015002084,142.5908873255,-209.090909090909,-15.1171276765836
"colorado","CO",2020,49.095,112.237,1.9,155.152798407231,134.93429832049,76,-20.2185000867412
"connecticut","CT",2020,54.244,100.415,7.7,131.096986248399,102.456967359474,700,-28.6400188889245
"delaware","DE",2020,47.12,113.618,1.4,139.466051027053,117.186323552163,31.1111111111111,-22.2797274748892
"district of columbia","DC",2020,64.929,110.226,3.1,147.727065890062,117.462888564456,NA,-30.2641773256058
"florida","FL",2020,40.777,106.799,3.3,147.635771180304,118.256912225532,122.222222222222,-29.3788589547724
"georgia","GA",2020,42.502,107.919,3.8,145.360648448989,126.016184215136,135.714285714286,-19.3444642338537
"hawaii","HI",2020,43.346,107.703,6.3,150.012112822288,119.578323285481,143.181818181818,-30.4337895368065
"idaho","ID",2020,35.255,108.421,5.4,142.036984811249,127.241253858161,-91.5254237288136,-14.795730953088
"illinois","IL",2020,48.224,104.266,5.3,138.363985883568,114.695237990474,182.758620689655,-23.6687478930943
"indiana","IN",2020,37.96,104.037,4.8,139.241434964419,113.779979658125,480,-25.4614553062941
"iowa","IA",2020,37.104,107.883,0.9,144.994138335287,118.629660988993,15.7894736842105,-26.3644773462944
"kansas","KS",2020,39.311,106.053,2.9,144.302914617135,129.584193741523,116,-14.7187208756121
"kentucky","KY",2020,35.866,106.222,4.2,147.773062502575,122.091446173651,233.333333333333,-25.6816163289239
"louisiana","LA",2020,36.409,102.401,4.5,136.485979907033,101.854043784875,150,-34.6319361221573
"maine","ME",2020,38.193,116.626,0.7,148.842556508184,124.906020070472,24.1379310344828,-23.9365364377124
"maryland","MD",2020,46.871,103.973,4.8,145.039608862483,125.875302663438,685.714285714286,-19.1643061990447
"massachusetts","MA",2020,60.359,116.019,0.6,152.888877631146,133.24184027379,37.5,-19.6470373573556
"michigan","MI",2020,42.849,109.551,1.5,139.600573401968,117.58310167545,26.3157894736842,-22.0174717265178
"minnesota","MN",2020,46.311,106.339,4.2,144.374473922125,120.441494603074,161.538461538462,-23.932979319051
"mississippi","MS",2020,31.904,104.187,2.3,140.089575832089,114.366787780327,766.666666666667,-25.7227880517623
"missouri","MO",2020,41.241,105.498,2.5,145.722765980001,119.870469264856,-357.142857142857,-25.8522967151444
"montana","MT",2020,36.107,104.563,5.1,164.242176128093,126.072173525121,108.510638297872,-38.1700026029722
"nebraska","NE",2020,38.914,108.611,2.9,147.412682778998,129.939224272007,55.7692307692308,-17.4734585069911
"nevada","NV",2020,39.136,105.406,2.8,143.744949680453,114.903961453769,53.8461538461538,-28.840988226684
"new hampshire","NH",2020,46.678,109.682,4.2,146.800012579803,125.302168300318,175,-21.4978442794855
"new jersey","NJ",2020,53.008,109.785,4.2,141.249200596888,118.475152430799,1050,-22.7740481660885
"new mexico","NM",2020,35.853,112.343,2.4,144.034227864374,128.121115356104,57.1428571428571,-15.9131125082698
"new york","NY",2020,60.316,113.476,1.5,141.245345760251,129.195177211299,30.6122448979592,-12.0501685489523
"north carolina","NC",2020,7.6,104.617,3.1,190,116.103077452362,-134.782608695652,-73.8969225476378
"north dakota","ND",2020,39.617,106.204,4.2,164.113504556752,160.876151236064,210,-3.23735332068833
"ohio","OH",2020,40.734,106.246,3.6,137.861711848919,118.660233643816,171.428571428571,-19.2014782051026
"oklahoma","OK",2020,34.963,102.135,4.6,141.373175366948,126.4062674043,383.333333333333,-14.9669079626488
"oregon","OR",2020,44.004,112.259,2.1,150.714114463815,137.415690450834,-116.666666666667,-13.2984240129806
"pennsylvania","PA",2020,44.567,103.367,3.9,142.282029179836,121.925240920511,-975,-20.3567882593249
"rhode island","RI",2020,9.1,107.038,2.7,505.555555555556,119.291636947218,64.2857142857143,-386.263918608337
"south carolina","SC",2020,36.677,107.272,3.3,149.105618342955,122.795851553378,64.7058823529412,-26.3097667895767
"south dakota","SD",2020,35.794,100.163,6,155.457111834962,118.088894128743,352.941176470588,-37.3682177062188
"tennessee","TN",2020,38.03,106.548,4,140.846635309803,123.695972694661,285.714285714286,-17.1506626151425
"texas","TX",2020,42.835,105.964,2.4,144.444444444444,123.241181191193,48.9795918367347,-21.203263253251
"utah","UT",2020,41.276,113.677,4.3,155.207941640972,132.591123811745,116.216216216216,-22.6168178292262
"vermont","VT",2020,39.456,104.919,5,149.025532557788,126.606733437915,1666.66666666667,-22.4187991198734
"virginia","VA",2020,46.215,110.617,4.4,147.940074906367,127.510922064299,1100,-20.4291528420681
"washington","WA",2020,54.147,116.274,3.6,167.887262805407,146.1426309042,189.473684210526,-21.7446319012069
"west virginia","WV",2020,33.942,106.777,-0.6,141.319010741944,126.649586639623,-20,-14.6694241023202
"wisconsin","WI",2020,40.875,109.163,3.4,140.266291479359,116.444259549639,73.9130434782609,-23.8220319297201
"wyoming","WY",2020,35.726,100.092,3.5,134.500414125442,100.666807470657,116.666666666667,-33.8336066547849
"alabama","AL",2021,37.208,108.004,2.8,153.390773797254,124.123981474033,254.545454545455,-29.2667923232218
"alaska","AK",2021,46.892,99.832,2.4,149.848208864602,109.770633122952,55.8139534883721,-40.0775757416503
"arizona","AZ",2021,43.171,113.601,0,151.365660390589,121.807147529031,0,-29.5585128615586
"arkansas","AR",2021,35.716,108.652,2.6,147.306772251093,119.504174045029,86.6666666666667,-27.8025982060639
"california","CA",2021,60.985,119.636,4.3,169.426309209612,146.888160398787,-390.909090909091,-22.5381488108255
"colorado","CO",2021,51.649,113.949,3.6,163.224093796416,136.992510128758,144,-26.2315836676578
"connecticut","CT",2021,55.514,100.188,2.6,134.166324286439,102.225351250421,236.363636363636,-31.9409730360184
"delaware","DE",2021,48.58,109.821,6.7,143.787367548689,113.270073745552,148.888888888889,-30.5172938031367
"district of columbia","DC",2021,69.673,117.591,0.6,158.520658900619,125.311437675167,NA,-33.2092212254518
"florida","FL",2021,43.292,108.89,4.1,156.741491672701,120.57224479853,151.851851851852,-36.1692468741714
"georgia","GA",2021,44.559,107.389,5.4,152.395772769247,125.39730730158,192.857142857143,-26.9984654676666
"hawaii","HI",2021,44.359,107.763,2.3,153.517909672954,119.644938880192,52.2727272727273,-33.872970792762
"idaho","ID",2021,37.295,111.046,3.3,150.255831755368,130.32191435177,-55.9322033898305,-19.9339174035981
"illinois","IL",2021,50.511,107.329,1.8,144.925831348808,118.064615486156,62.0689655172414,-26.8612158626517
"indiana","IN",2021,39.569,106.878,1.5,145.143423079745,116.887036976279,150,-28.256386103466
"iowa","IA",2021,38.46,112.547,-0.6,150.293083235639,123.758260850441,-10.5263157894737,-26.5348223851974
"kansas","KS",2021,40.249,106.689,1.8,147.746127303429,130.36131034567,72,-17.3848169577583
"kentucky","KY",2021,37.455,107.315,3.4,154.319970334968,123.347739132434,188.888888888889,-30.9722312025339
"louisiana","LA",2021,37.999,104.741,2,142.446393762183,104.181545102798,66.6666666666667,-38.2648486593853
"maine","ME",2021,39.988,116.651,4.7,155.837879968823,124.932794979169,162.068965517241,-30.905084989654
"maryland","MD",2021,49.412,106.827,2.6,152.902586953831,129.330508474576,371.428571428572,-23.5720784792546
"massachusetts","MA",2021,62.547,118.172,1.7,158.431064616632,135.714449778349,106.25,-22.7166148382821
"michigan","MI",2021,43.712,110.121,1.5,142.412197823679,118.194893151155,26.3157894736842,-24.2173046725235
"minnesota","MN",2021,47.451,108.242,0.7,147.928422233999,122.596867177855,26.9230769230769,-25.3315550561444
"mississippi","MS",2021,33.45,107.446,1.7,146.878018793361,117.944214535835,566.666666666667,-28.9338042575262
"missouri","MO",2021,42.982,109.089,0.8,151.874492067418,123.950687421884,-114.285714285714,-27.9238046455342
"montana","MT",2021,38.311,106.876,3.8,174.267649199418,128.860970110563,80.8510638297872,-45.4066790888545
"nebraska","NE",2021,40.499,112.702,0.3,153.416925524661,134.833584571579,5.76923076923077,-18.583340953082
"nevada","NV",2021,41.17,106.986,3.6,151.215749651069,116.626332657466,69.2307692307692,-34.5894169936027
"new hampshire","NH",2021,51.82,116.297,4.7,162.97134949838,132.859231841342,195.833333333333,-30.1121176570387
"new jersey","NJ",2021,54.478,109.912,2.7,145.166275847367,118.61220525549,675,-26.5540705918771
"new mexico","NM",2021,37.14,113.375,2.6,149.20456371525,129.298055539716,61.9047619047619,-19.9065081755339
"new york","NY",2021,62.896,114.38,3.5,147.287075849472,130.224403128665,71.4285714285714,-17.0626727208073
"north carolina","NC",2021,5.5,105.539,4.6,137.5,117.126305392478,-200,-20.3736946075222
"north dakota","ND",2021,40.364,106.89,1.2,167.207953603977,161.915293262239,60,-5.29266034173736
"ohio","OH",2021,42.417,109.858,0.7,143.557721596101,122.694275056401,33.3333333333333,-20.8634465397005
"oklahoma","OK",2021,36.252,100.23,5.7,146.585257369294,124.048564957487,475,-22.5366924118065
"oregon","OR",2021,47.072,114.987,4.4,161.222043360619,140.755021850097,-244.444444444444,-20.4670215105219
"pennsylvania","PA",2021,46.308,104.614,2.7,147.840245187243,123.396124040151,-675,-24.4441211470912
"rhode island","RI",2021,1.1,103.674,4.4,61.1111111111111,115.54252853067,104.761904761905,54.4314174195594
"south carolina","SC",2021,38.08,106.663,4.4,154.809334092203,122.098720208796,86.2745098039216,-32.7106138834066
"south dakota","SD",2021,37.741,102.233,3.3,163.913137893594,120.529356283895,194.117647058824,-43.3837816096986
"tennessee","TN",2021,40.173,111.52,0.9,148.783378393393,129.468172794502,64.2857142857143,-19.3152055988911
"texas","TX",2021,44.426,106.545,3.1,149.809475636486,123.91691187588,63.265306122449,-25.8925637606067
"utah","UT",2021,43.061,117.511,0.9,161.919981950816,137.063043097918,24.3243243243243,-24.856938852898
"vermont","VT",2021,40.939,109.118,-0.2,154.626831847711,131.673705804272,-66.6666666666667,-22.9531260434394
"virginia","VA",2021,48.078,114.788,0.3,153.903774128493,132.318935804775,75,-21.5848383237187
"washington","WA",2021,58.013,122.73,1.5,179.874116333871,154.257057389206,78.9473684210526,-25.6170589446648
"west virginia","WV",2021,34.687,103.508,5.4,144.420851028395,122.772183278179,180,-21.6486677502163
"wisconsin","WI",2021,42.037,108.144,3.8,144.253800487286,115.357291433326,82.6086956521739,-28.8965090539601
"wyoming","WY",2021,37.135,99.845,4.2,139.804984564415,100.418389001197,140,-39.3865955632185
"alabama","AL",2022,39.173,107.119,6.2,161.491528218659,123.106892073598,563.636363636364,-38.3846361450604
"alaska","AK",2022,47.941,94.203,8.3,153.200396254753,103.581246014118,193.023255813954,-49.6191502406352
"arizona","AZ",2022,44.66,110.973,5.9,156.58637495179,118.989309801315,168.571428571429,-37.5970651504753
"arkansas","AR",2022,37.83,107.483,7.1,156.02573620391,118.218414192853,236.666666666667,-37.8073220110569
"california","CA",2022,60.802,115.27,3.5,168.91790526462,141.527619187938,-318.181818181818,-27.3902860766819
"colorado","CO",2022,54.534,113.28,6.2,172.341434124451,136.188220584523,248,-36.1532135399284
"connecticut","CT",2022,58.461,101.793,3.6,141.288638615656,103.86298937831,327.272727272727,-37.4256492373463
"delaware","DE",2022,50.258,108.283,4.9,148.753921742734,111.683770821515,108.888888888889,-37.0701509212185
"district of columbia","DC",2022,71.316,115.059,4.6,162.258827812159,122.61319920289,NA,-39.6456286092687
"florida","FL",2022,45.909,110.534,4.5,166.216509775525,122.392621053914,166.666666666667,-43.8238887216113
"georgia","GA",2022,47.057,106.683,6.3,160.939156605903,124.572916545032,225,-36.366240060871
"hawaii","HI",2022,45.409,104.966,5.1,157.151756359232,116.53954190676,115.909090909091,-40.6122144524713
"idaho","ID",2022,40.377,113.403,6,162.672736795455,133.088054078794,-101.694915254237,-29.584682716661
"illinois","IL",2022,53.056,107.692,4.7,152.227928729234,118.463924670267,162.068965517241,-33.7640040589668
"indiana","IN",2022,41.88,108.083,4.7,153.620424033453,118.204884237234,470,-35.4155397962188
"iowa","IA",2022,40.983,110.518,8.5,160.152403282532,121.527143972466,149.122807017544,-38.6252593100666
"kansas","KS",2022,41.998,107.458,3.6,154.166360766464,131.300937183074,144,-22.865423583389
"kentucky","KY",2022,39.545,108.083,4.8,162.931070001236,124.230477460288,266.666666666667,-38.7005925409478
"louisiana","LA",2022,39.097,99.153,8.7,146.562453141401,98.6233923829038,290,-47.9390607584967
"maine","ME",2022,42.356,114.335,8.1,165.066250974279,122.452367437427,279.310344827586,-42.613883536852
"maryland","MD",2022,51.607,106.691,4.6,159.694887981186,129.165859564165,657.142857142857,-30.5290284170211
"massachusetts","MA",2022,63.745,115.291,4.5,161.465589300641,132.405769804993,281.25,-29.0598194956474
"michigan","MI",2022,44.797,106.815,5.7,145.947090636607,114.646502592064,100,-31.3005880445426
"minnesota","MN",2022,50.442,110.335,4.3,157.252860304891,124.967437224632,165.384615384615,-32.2854230802592
"mississippi","MS",2022,34.607,102.504,8.4,151.958373583911,112.519347083942,2800,-39.4390264999698
"missouri","MO",2022,44.369,107.055,5.2,156.775378961874,121.639586410635,-742.857142857143,-35.135792551239
"montana","MT",2022,40.427,104.519,7.9,183.892831149927,126.019122487611,168.085106382979,-57.8737086623158
"nebraska","NE",2022,42.932,120.617,-0.9,162.633532843397,144.302873686981,-17.3076923076923,-18.3306591564162
"nevada","NV",2022,42.681,100.844,10,156.765591713803,109.930887130181,192.307692307692,-46.8347045836222
"new hampshire","NH",2022,51.892,112.32,3.7,163.19778595465,128.315854410857,154.166666666667,-34.8819315437923
"new jersey","NJ",2022,56.27,108.351,4.8,149.941377105095,116.9276425835,1200,-33.0137345215952
"new mexico","NM",2022,39.248,110.484,8.4,157.673147999357,126.001026401323,200,-31.6721215980343
"new york","NY",2022,64.007,110.38,5.5,149.888766597195,125.670306149169,112.244897959184,-24.2184604480251
"north carolina","NC",2022,5.2,104.334,6.4,130,115.789006403498,-278.260869565217,-14.2109935965019
"north dakota","ND",2022,42.289,99.589,12.5,175.182270091135,150.855853126515,625,-24.3264169646203
"ohio","OH",2022,43.844,107.045,6.1,148.387315125055,119.552592195492,290.47619047619,-28.8347229295626
"oklahoma","OK",2022,38.078,99.123,6.2,153.968703246937,122.678498496269,516.666666666667,-31.2902047506686
"oregon","OR",2022,48.223,111.421,5.7,165.16422920163,136.389898767336,-316.666666666667,-28.774330434294
"pennsylvania","PA",2022,47.947,103.135,5,153.072821888069,121.65158824709,-1250,-31.42123364098
"rhode island","RI",2022,5.6,103.312,6,311.111111111111,115.139087018545,142.857142857143,-195.972024092566
"south carolina","SC",2022,39.836,104.42,6.9,161.948125863891,119.531124796813,135.294117647059,-42.4170010670783
"south dakota","SD",2022,39.903,100.797,7.2,173.302931596091,118.83635934921,423.529411764706,-54.4665722468811
"tennessee","TN",2022,41.972,109.992,5.9,155.446094589089,127.69425450155,421.428571428571,-27.7518400875394
"texas","TX",2022,46.344,103.922,7,156.277187658068,120.866237889766,142.857142857143,-35.4109497683014
"utah","UT",2022,45.914,116.022,8,172.64796570655,135.326296145098,216.216216216216,-37.3216695614521
"vermont","VT",2022,43.258,109.001,5.8,163.385707810848,131.532520815735,1933.33333333333,-31.8531869951121
"virginia","VA",2022,50.364,115.446,4.2,161.221549985595,133.077428502265,1050,-28.1441214833298
"washington","WA",2022,59.067,119.778,4.3,183.142130720575,150.546743420226,226.315789473684,-32.5953873003497
"west virginia","WV",2022,36.083,101.846,5.7,150.233158464485,120.800863490256,190,-29.4322949742289
"wisconsin","WI",2022,44.145,108.224,4.9,151.487594797708,115.442627497413,106.521739130435,-36.0449673002945
"wyoming","WY",2022,38.165,97.975,4.7,143.682704615616,98.5376499813938,156.666666666667,-45.1450546342225
"alabama","AL",2023,41.364,110.598,2.3,170.523972461557,127.105145208187,209.090909090909,-43.4188272533702
"alaska","AK",2023,51.189,103.457,-2.8,163.579714313105,113.756514854969,-65.1162790697674,-49.8231994581363
"arizona","AZ",2023,46.971,110.456,5.7,164.68917639634,118.434963490345,162.857142857143,-46.254212905995
"arkansas","AR",2023,39.202,108.162,3,161.684401550771,118.965232789626,100,-42.7191687611453
"california","CA",2023,63.312,118.203,1.5,175.891095985554,145.128734023353,-136.363636363636,-30.7623619622009
"colorado","CO",2023,56.79,117.516,0.4,179.470973043011,141.28085213816,16,-38.1901209048512
"connecticut","CT",2023,60.471,104.097,1.1,146.146409841216,106.213841868438,100,-39.9325679727782
"delaware","DE",2023,51.843,106.282,5.1,153.445213993962,109.619926770151,113.333333333333,-43.8252872238109
"district of columbia","DC",2023,74.246,115.474,3.7,168.925191117583,123.055446029902,NA,-45.8697450876805
"florida","FL",2023,48.121,112.835,2.7,174.225199131064,124.940483440555,100,-49.284715690509
"georgia","GA",2023,48.861,107.521,3,167.108998255754,125.551442683824,107.142857142857,-41.5575555719303
"hawaii","HI",2023,47.554,102.353,7.4,164.575186018342,113.638432757108,168.181818181818,-50.9367532612339
"idaho","ID",2023,41.532,113.329,2.9,167.326054550582,133.001208792498,-49.1525423728813,-34.3248457580837
"illinois","IL",2023,55.204,108.143,3.6,158.390956302183,118.96003608083,124.137931034483,-39.4309202213536
"indiana","IN",2023,43.942,110.998,2.2,161.184065732521,121.39287159465,220,-39.7911941378716
"iowa","IA",2023,42.148,106.927,6.3,164.704962876124,117.57842997108,110.526315789474,-47.1265329050434
"kansas","KS",2023,44.328,110.476,2.7,162.719330445635,134.988575408414,108,-27.7307550372215
"kentucky","KY",2023,40.88,106.674,4.7,168.431461414857,122.610974460357,261.111111111111,-45.8204869545
"louisiana","LA",2023,40.62,103.349,-0.3,152.271704903284,102.796980216239,-10,-49.4747246870451
"maine","ME",2023,44.403,117.743,1.8,173.043647700701,126.102322991079,62.0689655172414,-46.9413247096229
"maryland","MD",2023,53.813,109.453,1.6,166.521227874737,132.509685230024,228.571428571429,-34.0115426447128
"massachusetts","MA",2023,65.309,116.141,1.7,165.427189138529,133.38195098422,106.25,-32.045238154309
"michigan","MI",2023,46.562,108.447,2.4,151.69740014335,116.398158185663,42.1052631578947,-35.2992419576879
"minnesota","MN",2023,52.205,109.682,4.1,162.74901019422,124.22783749193,157.692307692308,-38.5211727022901
"mississippi","MS",2023,35.732,106.734,-0.8,156.898217265303,117.162647229937,-266.666666666667,-39.7355700353659
"missouri","MO",2023,46.95,110.916,2.1,165.895198049539,126.02658788774,-300,-39.8686101617989
"montana","MT",2023,42.777,105.174,5.2,194.582423580786,126.808859523264,110.63829787234,-67.7735640575219
"nebraska","NE",2023,44.942,122.221,3.3,170.247746041367,146.221855334625,63.4615384615385,-24.0258907067413
"nevada","NV",2023,44.482,102,3,163.380592081099,111.191052390608,57.6923076923077,-52.1895396904913
"new hampshire","NH",2023,54.339,113.552,3.6,170.89348051703,129.723307514794,150,-41.1701730022357
"new jersey","NJ",2023,58.345,109.889,2.2,155.470581965466,118.587384665192,550,-36.883197300274
"new mexico","NM",2023,40.391,116.228,-2.2,162.264984734051,132.551747733364,-52.3809523809524,-29.7132370006874
"new york","NY",2023,65.715,109.605,3.4,153.888485586493,124.787949859392,69.3877551020408,-29.1005357271005
"north carolina","NC",2023,5.4,107.226,2.6,135,118.99852397705,-113.04347826087,-16.0014760229505
"north dakota","ND",2023,44.131,105.041,-1.1,182.812758906379,159.114457101309,-55,-23.6983018050707
"ohio","OH",2023,45.793,108.937,2.6,154.983585473991,121.665661506846,123.809523809524,-33.3179239671443
"oklahoma","OK",2023,39.336,104.136,-1.7,159.055436496705,128.882783202762,-141.666666666667,-30.1726532939421
"oregon","OR",2023,50.084,112.965,2.4,171.538171729972,138.279901582755,-133.333333333333,-33.2582701472173
"pennsylvania","PA",2023,49.721,104.893,2,158.736391788781,123.725214970689,-500,-35.0111768180929
"rhode island","RI",2023,2.9,102.497,3.8,161.111111111111,114.230786376605,90.4761904761905,-46.8803247345062
"south carolina","SC",2023,41.628,104.954,4,169.233270997642,120.14240252753,78.4313725490196,-49.0908684701117
"south dakota","SD",2023,40.856,100.501,2.7,177.441910966341,118.487385050696,158.823529411765,-58.9545259156453
"tennessee","TN",2023,43.582,111.258,2.7,161.408836709751,129.164006176208,192.857142857143,-32.2448305335438
"texas","TX",2023,48.351,109.487,-1,163.045017703591,127.338598062363,-20.4081632653061,-35.7064196412287
"utah","UT",2023,48.429,118.618,3.2,182.104986087087,138.354231060827,86.4864864864865,-43.7507550262604
"vermont","VT",2023,44.681,109.877,2.5,168.760386765372,132.589598165802,833.333333333333,-36.1707885995706
"virginia","VA",2023,52.326,115.377,4,167.502160760588,132.99789051423,1000,-34.5042702463574
"washington","WA",2023,63.442,125.945,2.1,196.707180950019,158.297931173173,110.526315789474,-38.4092497768455
"west virginia","WV",2023,38.184,107.796,0,158.98076442668,127.85823577554,0,-31.12252865114
"wisconsin","WI",2023,46.361,109.199,4.1,159.092000960846,116.482660778478,89.1304347826087,-42.6093401823673
"wyoming","WY",2023,40.727,104.786,-0.2,153.328062645885,105.387764133201,-6.66666666666667,-47.9402985126845
"alabama","AL",2024,42.822,110.607,3.5,176.534608566599,127.115488490226,318.181818181818,-49.4191200763737
"alaska","AK",2024,54.189,105.226,4.1,173.166522864538,115.701625140193,95.3488372093023,-57.4648977243453
"arizona","AZ",2024,49.06,111.701,3.3,172.01360401108,119.769898030301,94.2857142857143,-52.2437059807782
"arkansas","AR",2024,40.877,111.991,0.7,168.592757568259,123.176673742562,23.3333333333333,-45.4160838256966
"california","CA",2024,67.439,122.845,2.5,187.356577302403,150.828145910838,-227.272727272727,-36.5284313915654
"colorado","CO",2024,58.901,119.583,1.9,186.14227475271,143.765854362279,76,-42.376420390431
"connecticut","CT",2024,63.181,105.877,2.7,152.695942190106,108.030038670707,245.454545454545,-44.6659035193984
"delaware","DE",2024,54.94,109.259,3.1,162.611732670337,112.690423392295,68.8888888888889,-49.9213092780414
"district of columbia","DC",2024,76.985,116.85,2.5,175.156989443029,124.521787316574,NA,-50.6352021264546
"florida","FL",2024,50.24,113.931,3.4,181.89717595945,126.154067610812,125.925925925926,-55.7431083486382
"georgia","GA",2024,51.732,109.935,3.6,176.928075515578,128.370251871227,128.571428571429,-48.5578236443516
"hawaii","HI",2024,50.405,105.226,3.1,174.441944973179,116.82820948384,70.4545454545455,-57.6137354893386
"idaho","ID",2024,42.792,114.305,2.2,172.402401192539,134.146627703646,-37.2881355932203,-38.2557734888922
"illinois","IL",2024,58.118,111.351,2.2,166.751786072935,122.488917245097,75.8620689655173,-44.2628688278382
"indiana","IN",2024,47.207,117.951,1.1,173.160443107622,128.997014337741,110,-44.1634287698816
"iowa","IA",2024,44.389,110.746,1.7,173.462289957014,121.777855972554,29.8245614035088,-51.6844339844608
"kansas","KS",2024,46.638,112.065,3.7,171.198884076059,136.930145037328,148,-34.2687390387305
"kentucky","KY",2024,42.648,108.294,2.8,175.715874912447,124.473000620675,155.555555555556,-51.2428742917716
"louisiana","LA",2024,41.685,105.192,0.8,156.264057579847,104.630136168774,26.6666666666667,-51.6339214110734
"maine","ME",2024,46.921,122.612,1.5,182.856586126267,131.317004209016,51.7241379310345,-51.5395819172509
"maryland","MD",2024,55.987,109.712,3.8,173.248545612081,132.823244552058,542.857142857143,-40.4253010600226
"massachusetts","MA",2024,69.932,120.351,3.3,177.137212188759,138.216918942509,206.25,-38.9202932462499
"michigan","MI",2024,49.07,112.335,1.7,159.868378184662,120.571220041001,29.8245614035088,-39.2971581436608
"minnesota","MN",2024,55.441,113.559,2.6,172.837235402313,128.618998538922,100,-44.2182368633908
"mississippi","MS",2024,36.968,107.7,2.5,162.325458856591,118.223032085972,833.333333333333,-44.1024267706185
"missouri","MO",2024,48.768,114.055,1,172.318999328646,129.593228042268,-142.857142857143,-42.7257712863777
"montana","MT",2024,44.499,106.763,2.5,202.4153930131,128.724725400596,53.1914893617021,-73.6906676125048
"nebraska","NE",2024,46.655,121.826,4.2,176.736874005606,145.749288158304,80.7692307692308,-30.9875858473025
"nevada","NV",2024,46.787,103.848,3.3,171.84676412253,113.20557263392,63.4615384615385,-58.6411914886101
"new hampshire","NH",2024,57.098,118.437,0.7,179.570399723244,135.303996161492,29.1666666666667,-44.2664035617528
"new jersey","NJ",2024,60.332,111.932,1.5,160.765295246216,120.792100577349,375,-39.9731946688677
"new mexico","NM",2024,43.186,119.506,4,173.493491884943,136.290129440611,95.2380952380952,-37.2033624443317
"new york","NY",2024,69.975,112.816,3.5,163.864365501253,128.443751209682,71.4285714285714,-35.4206142915708
"north carolina","NC",2024,4.9,111.243,1.1,122.5,123.456557204213,-47.8260869565217,0.956557204212743
"north dakota","ND",2024,45.586,105.993,2.4,188.84009942005,160.556531749879,120,-28.2835676701709
"ohio","OH",2024,47.836,111.077,2.4,161.897993028057,124.055708190936,114.285714285714,-37.8422848371213
"oklahoma","OK",2024,40.98,105.799,2.5,165.702963891472,130.94097699229,208.333333333333,-34.7619868991827
"oregon","OR",2024,51.754,114.431,2,177.257937459328,140.074424981333,-111.111111111111,-37.1835124779955
"pennsylvania","PA",2024,51.406,106.248,2.1,164.115825431791,125.323488127956,-525,-38.7923373038351
"rhode island","RI",2024,3.7,107.664,-1.3,205.555555555556,119.989300998573,-30.952380952381,-85.5662545569821
"south carolina","SC",2024,43.892,108.866,1.7,178.437271322872,124.620527026718,33.3333333333333,-53.8167442961542
"south dakota","SD",2024,43.059,102.413,3.4,187.009771986971,120.741570384343,200,-66.2682016026274
"tennessee","TN",2024,46.253,113.338,4.2,171.301062923595,131.578764061901,300,-39.722298861694
"texas","TX",2024,50.575,111.943,2.3,170.544596189513,130.195043090915,46.9387755102041,-40.3495530985973
"utah","UT",2024,50.633,122.3,1.4,190.392569752576,142.648859858867,37.8378378378378,-47.7437098937083
"vermont","VT",2024,45.984,110.384,2.4,173.681825049101,133.201399782792,800,-40.4804252663088
"virginia","VA",2024,55.15,118.862,2.3,176.542142834278,137.015135272216,575,-39.5270075620618
"washington","WA",2024,67.367,131.948,1.4,208.876968870148,165.842990372288,73.6842105263158,-43.0339784978593
"west virginia","WV",2024,40.199,111.611,1.7,167.37030560413,132.383256829046,56.6666666666667,-34.9870487750847
"wisconsin","WI",2024,48.848,111.945,2.8,167.626368347003,119.411821178278,60.8695652173913,-48.2145471687248
"wyoming","WY",2024,42.944,104.991,5.2,161.674572697839,105.593941405425,173.333333333333,-56.0806312924141
